'_id.distrito',_id.concelho,_id.partido,votos_distrito_partido_concelho
Aveiro,Albergaria-a-Velha,PPDPSD,4845.0
Aveiro,Albergaria-a-Velha,PS,4041.0
Aveiro,Albergaria-a-Velha,CDSPP,2219.0
Aveiro,Albergaria-a-Velha,PCPPEV,305.0
Aveiro,Albergaria-a-Velha,BE,86.0
Aveiro,Albergaria-a-Velha,PCTPMRPP,38.0
Aveiro,Albergaria-a-Velha,PPM,35.0
Aveiro,Albergaria-a-Velha,PSN,35.0
Aveiro,Albergaria-a-Velha,PH,25.0
Aveiro,Albergaria-a-Velha,MPT,15.0
Aveiro,Anadia,PPDPSD,7549.0
Aveiro,Anadia,PS,5673.0
Aveiro,Anadia,CDSPP,2270.0
Aveiro,Anadia,PCPPEV,371.0
Aveiro,Anadia,BE,193.0
Aveiro,Anadia,PCTPMRPP,57.0
Aveiro,Anadia,PPM,55.0
Aveiro,Anadia,PH,51.0
Aveiro,Anadia,MPT,36.0
Aveiro,Anadia,PSN,28.0
Aveiro,Arouca,PPDPSD,6033.0
Aveiro,Arouca,PS,3815.0
Aveiro,Arouca,CDSPP,2227.0
Aveiro,Arouca,PCPPEV,207.0
Aveiro,Arouca,BE,94.0
Aveiro,Arouca,PPM,85.0
Aveiro,Arouca,PH,50.0
Aveiro,Arouca,PSN,43.0
Aveiro,Arouca,PCTPMRPP,35.0
Aveiro,Arouca,MPT,20.0
Aveiro,Aveiro,PS,13692.0
Aveiro,Aveiro,PPDPSD,13046.0
Aveiro,Aveiro,CDSPP,6583.0
Aveiro,Aveiro,PCPPEV,1391.0
Aveiro,Aveiro,BE,1001.0
Aveiro,Aveiro,PCTPMRPP,149.0
Aveiro,Aveiro,PPM,109.0
Aveiro,Aveiro,PH,99.0
Aveiro,Aveiro,MPT,98.0
Aveiro,Aveiro,PSN,55.0
Aveiro,Castelo de Paiva,PS,4344.0
Aveiro,Castelo de Paiva,PPDPSD,3663.0
Aveiro,Castelo de Paiva,CDSPP,426.0
Aveiro,Castelo de Paiva,PCPPEV,156.0
Aveiro,Castelo de Paiva,BE,89.0
Aveiro,Castelo de Paiva,PCTPMRPP,28.0
Aveiro,Castelo de Paiva,PH,27.0
Aveiro,Castelo de Paiva,PPM,19.0
Aveiro,Castelo de Paiva,PSN,17.0
Aveiro,Castelo de Paiva,MPT,17.0
Aveiro,Espinho,PS,9549.0
Aveiro,Espinho,PPDPSD,6587.0
Aveiro,Espinho,PCPPEV,1771.0
Aveiro,Espinho,CDSPP,1767.0
Aveiro,Espinho,BE,378.0
Aveiro,Espinho,PCTPMRPP,148.0
Aveiro,Espinho,PPM,86.0
Aveiro,Espinho,MPT,56.0
Aveiro,Espinho,PH,36.0
Aveiro,Espinho,PSN,26.0
Aveiro,Estarreja,PPDPSD,5645.0
Aveiro,Estarreja,PS,4984.0
Aveiro,Estarreja,CDSPP,1668.0
Aveiro,Estarreja,PCPPEV,550.0
Aveiro,Estarreja,BE,189.0
Aveiro,Estarreja,PCTPMRPP,57.0
Aveiro,Estarreja,PPM,46.0
Aveiro,Estarreja,PH,39.0
Aveiro,Estarreja,MPT,29.0
Aveiro,Estarreja,PSN,25.0
Aveiro,Mealhada,PS,5340.0
Aveiro,Mealhada,PPDPSD,2873.0
Aveiro,Mealhada,CDSPP,581.0
Aveiro,Mealhada,PCPPEV,570.0
Aveiro,Mealhada,BE,154.0
Aveiro,Mealhada,PCTPMRPP,46.0
Aveiro,Mealhada,PPM,28.0
Aveiro,Mealhada,PH,22.0
Aveiro,Mealhada,PSN,20.0
Aveiro,Mealhada,MPT,16.0
Aveiro,Murtosa,PPDPSD,2760.0
Aveiro,Murtosa,PS,1000.0
Aveiro,Murtosa,CDSPP,428.0
Aveiro,Murtosa,PCPPEV,54.0
Aveiro,Murtosa,BE,23.0
Aveiro,Murtosa,PH,17.0
Aveiro,Murtosa,PPM,13.0
Aveiro,Murtosa,MPT,10.0
Aveiro,Murtosa,PSN,6.0
Aveiro,Murtosa,PCTPMRPP,5.0
Aveiro,Oliveira de Azemeis,PS,15939.0
Aveiro,Oliveira de Azemeis,PPDPSD,13787.0
Aveiro,Oliveira de Azemeis,CDSPP,5288.0
Aveiro,Oliveira de Azemeis,PCPPEV,887.0
Aveiro,Oliveira de Azemeis,BE,312.0
Aveiro,Oliveira de Azemeis,PCTPMRPP,122.0
Aveiro,Oliveira de Azemeis,PPM,110.0
Aveiro,Oliveira de Azemeis,PH,96.0
Aveiro,Oliveira de Azemeis,MPT,81.0
Aveiro,Oliveira de Azemeis,PSN,67.0
Aveiro,Oliveira do Bairro,PPDPSD,5481.0
Aveiro,Oliveira do Bairro,CDSPP,2889.0
Aveiro,Oliveira do Bairro,PS,1923.0
Aveiro,Oliveira do Bairro,PCPPEV,167.0
Aveiro,Oliveira do Bairro,BE,56.0
Aveiro,Oliveira do Bairro,PH,38.0
Aveiro,Oliveira do Bairro,PPM,31.0
Aveiro,Oliveira do Bairro,MPT,24.0
Aveiro,Oliveira do Bairro,PCTPMRPP,23.0
Aveiro,Oliveira do Bairro,PSN,15.0
Aveiro,Ovar,PS,12300.0
Aveiro,Ovar,PPDPSD,8408.0
Aveiro,Ovar,CDSPP,1930.0
Aveiro,Ovar,PCPPEV,1650.0
Aveiro,Ovar,BE,434.0
Aveiro,Ovar,PCTPMRPP,156.0
Aveiro,Ovar,PPM,81.0
Aveiro,Ovar,PH,62.0
Aveiro,Ovar,MPT,61.0
Aveiro,Ovar,PSN,55.0
Aveiro,Santa Maria da Feira,PS,32637.0
Aveiro,Santa Maria da Feira,PPDPSD,25010.0
Aveiro,Santa Maria da Feira,CDSPP,6324.0
Aveiro,Santa Maria da Feira,PCPPEV,2195.0
Aveiro,Santa Maria da Feira,BE,625.0
Aveiro,Santa Maria da Feira,PCTPMRPP,326.0
Aveiro,Santa Maria da Feira,PH,187.0
Aveiro,Santa Maria da Feira,PPM,178.0
Aveiro,Santa Maria da Feira,MPT,171.0
Aveiro,Santa Maria da Feira,PSN,116.0
Aveiro,Sever do Vouga,PPDPSD,3754.0
Aveiro,Sever do Vouga,PS,1929.0
Aveiro,Sever do Vouga,CDSPP,1545.0
Aveiro,Sever do Vouga,PCPPEV,142.0
Aveiro,Sever do Vouga,BE,72.0
Aveiro,Sever do Vouga,PH,34.0
Aveiro,Sever do Vouga,PCTPMRPP,26.0
Aveiro,Sever do Vouga,PPM,21.0
Aveiro,Sever do Vouga,MPT,17.0
Aveiro,Sever do Vouga,PSN,17.0
Aveiro,São João da Madeira,PS,5664.0
Aveiro,São João da Madeira,PPDPSD,3505.0
Aveiro,São João da Madeira,CDSPP,1423.0
Aveiro,São João da Madeira,PCPPEV,607.0
Aveiro,São João da Madeira,BE,206.0
Aveiro,São João da Madeira,PCTPMRPP,47.0
Aveiro,São João da Madeira,MPT,33.0
Aveiro,São João da Madeira,PPM,28.0
Aveiro,São João da Madeira,PH,26.0
Aveiro,São João da Madeira,PSN,12.0
Aveiro,Vagos,PPDPSD,5219.0
Aveiro,Vagos,CDSPP,2928.0
Aveiro,Vagos,PS,1493.0
Aveiro,Vagos,BE,98.0
Aveiro,Vagos,PCPPEV,75.0
Aveiro,Vagos,PPM,25.0
Aveiro,Vagos,PH,21.0
Aveiro,Vagos,MPT,19.0
Aveiro,Vagos,PSN,18.0
Aveiro,Vagos,PCTPMRPP,16.0
Aveiro,Vale de Cambra,PS,5407.0
Aveiro,Vale de Cambra,PPDPSD,4898.0
Aveiro,Vale de Cambra,CDSPP,3088.0
Aveiro,Vale de Cambra,PCPPEV,283.0
Aveiro,Vale de Cambra,BE,138.0
Aveiro,Vale de Cambra,MPT,55.0
Aveiro,Vale de Cambra,PCTPMRPP,44.0
Aveiro,Vale de Cambra,PPM,42.0
Aveiro,Vale de Cambra,PH,40.0
Aveiro,Vale de Cambra,PSN,25.0
Aveiro,Águeda,PS,10104.0
Aveiro,Águeda,PPDPSD,9543.0
Aveiro,Águeda,CDSPP,3242.0
Aveiro,Águeda,PCPPEV,850.0
Aveiro,Águeda,BE,240.0
Aveiro,Águeda,PCTPMRPP,104.0
Aveiro,Águeda,PPM,82.0
Aveiro,Águeda,PH,55.0
Aveiro,Águeda,PSN,54.0
Aveiro,Águeda,MPT,52.0
Aveiro,Ílhavo,PPDPSD,6080.0
Aveiro,Ílhavo,PS,5741.0
Aveiro,Ílhavo,CDSPP,2357.0
Aveiro,Ílhavo,PCPPEV,566.0
Aveiro,Ílhavo,BE,288.0
Aveiro,Ílhavo,PCTPMRPP,84.0
Aveiro,Ílhavo,PPM,74.0
Aveiro,Ílhavo,PH,43.0
Aveiro,Ílhavo,MPT,37.0
Aveiro,Ílhavo,PSN,26.0
Açores,Angra do Heroismo,PS,8094.0
Açores,Angra do Heroismo,PPDPSD,5065.0
Açores,Angra do Heroismo,CDSPP,1005.0
Açores,Angra do Heroismo,BE,191.0
Açores,Angra do Heroismo,PCPPEV,167.0
Açores,Angra do Heroismo,PDA,34.0
Açores,Angra do Heroismo,PCTPMRPP,32.0
Açores,Angra do Heroismo,MPT,32.0
Açores,Calheta,PPDPSD,1101.0
Açores,Calheta,PS,616.0
Açores,Calheta,CDSPP,136.0
Açores,Calheta,PDA,13.0
Açores,Calheta,BE,9.0
Açores,Calheta,PCPPEV,6.0
Açores,Calheta,PCTPMRPP,6.0
Açores,Calheta,MPT,4.0
Açores,Corvo,PPDPSD,117.0
Açores,Corvo,CDSPP,69.0
Açores,Corvo,PS,64.0
Açores,Corvo,BE,6.0
Açores,Corvo,PCPPEV,2.0
Açores,Corvo,PDA,1.0
Açores,Corvo,MPT,0.0
Açores,Corvo,PCTPMRPP,0.0
Açores,Horta,PS,3083.0
Açores,Horta,PPDPSD,2403.0
Açores,Horta,CDSPP,374.0
Açores,Horta,PCPPEV,227.0
Açores,Horta,BE,50.0
Açores,Horta,PCTPMRPP,26.0
Açores,Horta,PDA,12.0
Açores,Horta,MPT,4.0
Açores,Lagoa,PS,2377.0
Açores,Lagoa,PPDPSD,1281.0
Açores,Lagoa,CDSPP,181.0
Açores,Lagoa,PCPPEV,51.0
Açores,Lagoa,BE,38.0
Açores,Lagoa,PCTPMRPP,21.0
Açores,Lagoa,PDA,12.0
Açores,Lagoa,MPT,8.0
Açores,Lajes das Flores,PS,379.0
Açores,Lajes das Flores,PPDPSD,297.0
Açores,Lajes das Flores,PCPPEV,40.0
Açores,Lajes das Flores,CDSPP,30.0
Açores,Lajes das Flores,PCTPMRPP,7.0
Açores,Lajes das Flores,BE,3.0
Açores,Lajes das Flores,MPT,0.0
Açores,Lajes das Flores,PDA,0.0
Açores,Lajes do Pico,PS,1241.0
Açores,Lajes do Pico,PPDPSD,1069.0
Açores,Lajes do Pico,CDSPP,84.0
Açores,Lajes do Pico,PCPPEV,24.0
Açores,Lajes do Pico,BE,18.0
Açores,Lajes do Pico,MPT,5.0
Açores,Lajes do Pico,PCTPMRPP,5.0
Açores,Lajes do Pico,PDA,2.0
Açores,Madalena,PPDPSD,1303.0
Açores,Madalena,PS,1249.0
Açores,Madalena,CDSPP,143.0
Açores,Madalena,PCPPEV,45.0
Açores,Madalena,BE,16.0
Açores,Madalena,PDA,9.0
Açores,Madalena,PCTPMRPP,7.0
Açores,Madalena,MPT,6.0
Açores,Nordeste,PS,1389.0
Açores,Nordeste,PPDPSD,1302.0
Açores,Nordeste,CDSPP,133.0
Açores,Nordeste,PCPPEV,43.0
Açores,Nordeste,BE,14.0
Açores,Nordeste,PDA,12.0
Açores,Nordeste,PCTPMRPP,7.0
Açores,Nordeste,MPT,2.0
Açores,Ponta Delgada,PS,12999.0
Açores,Ponta Delgada,PPDPSD,7459.0
Açores,Ponta Delgada,CDSPP,1247.0
Açores,Ponta Delgada,PCPPEV,555.0
Açores,Ponta Delgada,BE,272.0
Açores,Ponta Delgada,PDA,217.0
Açores,Ponta Delgada,PCTPMRPP,108.0
Açores,Ponta Delgada,MPT,55.0
Açores,Povoação,PS,1421.0
Açores,Povoação,PPDPSD,1157.0
Açores,Povoação,CDSPP,138.0
Açores,Povoação,PCPPEV,48.0
Açores,Povoação,BE,40.0
Açores,Povoação,PDA,23.0
Açores,Povoação,PCTPMRPP,14.0
Açores,Povoação,MPT,2.0
Açores,Praia da Vitória,PS,4471.0
Açores,Praia da Vitória,PPDPSD,3123.0
Açores,Praia da Vitória,CDSPP,552.0
Açores,Praia da Vitória,BE,52.0
Açores,Praia da Vitória,PCPPEV,38.0
Açores,Praia da Vitória,MPT,18.0
Açores,Praia da Vitória,PDA,16.0
Açores,Praia da Vitória,PCTPMRPP,16.0
Açores,Ribeira Grande,PS,4993.0
Açores,Ribeira Grande,PPDPSD,3022.0
Açores,Ribeira Grande,CDSPP,356.0
Açores,Ribeira Grande,BE,166.0
Açores,Ribeira Grande,PCPPEV,133.0
Açores,Ribeira Grande,PCTPMRPP,39.0
Açores,Ribeira Grande,PDA,37.0
Açores,Ribeira Grande,MPT,18.0
Açores,Santa Cruz da Graciosa,PS,1251.0
Açores,Santa Cruz da Graciosa,PPDPSD,1093.0
Açores,Santa Cruz da Graciosa,CDSPP,58.0
Açores,Santa Cruz da Graciosa,BE,14.0
Açores,Santa Cruz da Graciosa,PCPPEV,13.0
Açores,Santa Cruz da Graciosa,PCTPMRPP,9.0
Açores,Santa Cruz da Graciosa,PDA,6.0
Açores,Santa Cruz da Graciosa,MPT,2.0
Açores,Santa Cruz das Flores,PS,599.0
Açores,Santa Cruz das Flores,PPDPSD,308.0
Açores,Santa Cruz das Flores,CDSPP,94.0
Açores,Santa Cruz das Flores,PCPPEV,77.0
Açores,Santa Cruz das Flores,BE,11.0
Açores,Santa Cruz das Flores,PDA,10.0
Açores,Santa Cruz das Flores,PCTPMRPP,5.0
Açores,Santa Cruz das Flores,MPT,3.0
Açores,São Roque do Pico,PS,780.0
Açores,São Roque do Pico,PPDPSD,660.0
Açores,São Roque do Pico,CDSPP,47.0
Açores,São Roque do Pico,PCPPEV,29.0
Açores,São Roque do Pico,BE,10.0
Açores,São Roque do Pico,PDA,6.0
Açores,São Roque do Pico,MPT,4.0
Açores,São Roque do Pico,PCTPMRPP,3.0
Açores,Velas,PPDPSD,1097.0
Açores,Velas,PS,1074.0
Açores,Velas,CDSPP,236.0
Açores,Velas,PCPPEV,30.0
Açores,Velas,BE,28.0
Açores,Velas,PDA,10.0
Açores,Velas,PCTPMRPP,9.0
Açores,Velas,MPT,8.0
Açores,Vila Franca do Campo,PS,2582.0
Açores,Vila Franca do Campo,PPDPSD,1313.0
Açores,Vila Franca do Campo,CDSPP,268.0
Açores,Vila Franca do Campo,PCPPEV,54.0
Açores,Vila Franca do Campo,BE,28.0
Açores,Vila Franca do Campo,PDA,12.0
Açores,Vila Franca do Campo,PCTPMRPP,11.0
Açores,Vila Franca do Campo,MPT,3.0
Açores,Vila do Porto,PS,1285.0
Açores,Vila do Porto,PPDPSD,394.0
Açores,Vila do Porto,CDSPP,64.0
Açores,Vila do Porto,PCPPEV,30.0
Açores,Vila do Porto,BE,26.0
Açores,Vila do Porto,PDA,5.0
Açores,Vila do Porto,PCTPMRPP,5.0
Açores,Vila do Porto,MPT,4.0
Beja,Aljustrel,PS,2608.0
Beja,Aljustrel,PCPPEV,2339.0
Beja,Aljustrel,PPDPSD,480.0
Beja,Aljustrel,CDSPP,165.0
Beja,Aljustrel,PCTPMRPP,119.0
Beja,Aljustrel,BE,91.0
Beja,Aljustrel,PPM,27.0
Beja,Aljustrel,MPT,23.0
Beja,Aljustrel,PSN,11.0
Beja,Almodovar,PS,2501.0
Beja,Almodovar,PPDPSD,1067.0
Beja,Almodovar,PCPPEV,507.0
Beja,Almodovar,CDSPP,188.0
Beja,Almodovar,PCTPMRPP,74.0
Beja,Almodovar,BE,72.0
Beja,Almodovar,PPM,36.0
Beja,Almodovar,MPT,19.0
Beja,Almodovar,PSN,15.0
Beja,Alvito,PS,619.0
Beja,Alvito,PCPPEV,430.0
Beja,Alvito,PPDPSD,258.0
Beja,Alvito,CDSPP,64.0
Beja,Alvito,PCTPMRPP,26.0
Beja,Alvito,BE,16.0
Beja,Alvito,PPM,5.0
Beja,Alvito,MPT,5.0
Beja,Alvito,PSN,3.0
Beja,Barrancos,PS,547.0
Beja,Barrancos,PCPPEV,296.0
Beja,Barrancos,CDSPP,86.0
Beja,Barrancos,PPDPSD,44.0
Beja,Barrancos,PCTPMRPP,26.0
Beja,Barrancos,BE,12.0
Beja,Barrancos,PPM,7.0
Beja,Barrancos,MPT,4.0
Beja,Barrancos,PSN,3.0
Beja,Beja,PS,7992.0
Beja,Beja,PCPPEV,5566.0
Beja,Beja,PPDPSD,2870.0
Beja,Beja,CDSPP,791.0
Beja,Beja,BE,455.0
Beja,Beja,PCTPMRPP,261.0
Beja,Beja,MPT,48.0
Beja,Beja,PPM,43.0
Beja,Beja,PSN,27.0
Beja,Castro Verde,PS,1810.0
Beja,Castro Verde,PCPPEV,1125.0
Beja,Castro Verde,PPDPSD,455.0
Beja,Castro Verde,CDSPP,99.0
Beja,Castro Verde,BE,81.0
Beja,Castro Verde,PCTPMRPP,76.0
Beja,Castro Verde,PPM,15.0
Beja,Castro Verde,MPT,6.0
Beja,Castro Verde,PSN,6.0
Beja,Cuba,PS,1272.0
Beja,Cuba,PCPPEV,988.0
Beja,Cuba,PPDPSD,266.0
Beja,Cuba,CDSPP,71.0
Beja,Cuba,PCTPMRPP,63.0
Beja,Cuba,BE,30.0
Beja,Cuba,PPM,12.0
Beja,Cuba,PSN,8.0
Beja,Cuba,MPT,5.0
Beja,Ferreira do Alentejo,PS,2524.0
Beja,Ferreira do Alentejo,PCPPEV,1479.0
Beja,Ferreira do Alentejo,PPDPSD,644.0
Beja,Ferreira do Alentejo,CDSPP,187.0
Beja,Ferreira do Alentejo,PCTPMRPP,122.0
Beja,Ferreira do Alentejo,BE,79.0
Beja,Ferreira do Alentejo,MPT,21.0
Beja,Ferreira do Alentejo,PPM,16.0
Beja,Ferreira do Alentejo,PSN,13.0
Beja,Moura,PS,3883.0
Beja,Moura,PCPPEV,1753.0
Beja,Moura,PPDPSD,858.0
Beja,Moura,CDSPP,271.0
Beja,Moura,PCTPMRPP,168.0
Beja,Moura,BE,104.0
Beja,Moura,PPM,26.0
Beja,Moura,PSN,22.0
Beja,Moura,MPT,19.0
Beja,Mértola,PS,2135.0
Beja,Mértola,PCPPEV,1797.0
Beja,Mértola,PPDPSD,503.0
Beja,Mértola,PCTPMRPP,141.0
Beja,Mértola,CDSPP,135.0
Beja,Mértola,BE,53.0
Beja,Mértola,PPM,35.0
Beja,Mértola,MPT,23.0
Beja,Mértola,PSN,19.0
Beja,Odemira,PS,7228.0
Beja,Odemira,PCPPEV,2857.0
Beja,Odemira,PPDPSD,2073.0
Beja,Odemira,CDSPP,659.0
Beja,Odemira,PCTPMRPP,318.0
Beja,Odemira,BE,156.0
Beja,Odemira,PPM,117.0
Beja,Odemira,MPT,61.0
Beja,Odemira,PSN,50.0
Beja,Ourique,PS,1649.0
Beja,Ourique,PPDPSD,1206.0
Beja,Ourique,PCPPEV,595.0
Beja,Ourique,CDSPP,119.0
Beja,Ourique,PCTPMRPP,43.0
Beja,Ourique,BE,25.0
Beja,Ourique,PPM,14.0
Beja,Ourique,PSN,9.0
Beja,Ourique,MPT,3.0
Beja,Serpa,PCPPEV,3451.0
Beja,Serpa,PS,3285.0
Beja,Serpa,PPDPSD,1149.0
Beja,Serpa,CDSPP,333.0
Beja,Serpa,PCTPMRPP,149.0
Beja,Serpa,BE,105.0
Beja,Serpa,MPT,30.0
Beja,Serpa,PPM,28.0
Beja,Serpa,PSN,17.0
Beja,Vidigueira,PS,1675.0
Beja,Vidigueira,PCPPEV,894.0
Beja,Vidigueira,PPDPSD,435.0
Beja,Vidigueira,CDSPP,147.0
Beja,Vidigueira,PCTPMRPP,78.0
Beja,Vidigueira,BE,37.0
Beja,Vidigueira,PPM,12.0
Beja,Vidigueira,MPT,12.0
Beja,Vidigueira,PSN,4.0
Braga,Amares,PPDPSD,3882.0
Braga,Amares,PS,3629.0
Braga,Amares,CDSPP,1227.0
Braga,Amares,PCPPEV,213.0
Braga,Amares,BE,55.0
Braga,Amares,PSN,44.0
Braga,Amares,PCTPMRPP,34.0
Braga,Amares,PPM,29.0
Braga,Amares,MPT,23.0
Braga,Amares,PH,21.0
Braga,Amares,POUS,18.0
Braga,Barcelos,PPDPSD,30959.0
Braga,Barcelos,PS,25375.0
Braga,Barcelos,CDSPP,5583.0
Braga,Barcelos,PCPPEV,1791.0
Braga,Barcelos,BE,667.0
Braga,Barcelos,PCTPMRPP,220.0
Braga,Barcelos,PSN,206.0
Braga,Barcelos,PPM,169.0
Braga,Barcelos,MPT,123.0
Braga,Barcelos,POUS,115.0
Braga,Barcelos,PH,112.0
Braga,Braga,PS,38407.0
Braga,Braga,PPDPSD,27251.0
Braga,Braga,CDSPP,7794.0
Braga,Braga,PCPPEV,7273.0
Braga,Braga,BE,2004.0
Braga,Braga,PCTPMRPP,675.0
Braga,Braga,PSN,405.0
Braga,Braga,PPM,313.0
Braga,Braga,MPT,239.0
Braga,Braga,PH,165.0
Braga,Braga,POUS,146.0
Braga,Cabeceiras de Basto,PS,4836.0
Braga,Cabeceiras de Basto,PPDPSD,3867.0
Braga,Cabeceiras de Basto,CDSPP,555.0
Braga,Cabeceiras de Basto,PCPPEV,154.0
Braga,Cabeceiras de Basto,BE,57.0
Braga,Cabeceiras de Basto,PCTPMRPP,31.0
Braga,Cabeceiras de Basto,PSN,26.0
Braga,Cabeceiras de Basto,PH,23.0
Braga,Cabeceiras de Basto,PPM,23.0
Braga,Cabeceiras de Basto,MPT,19.0
Braga,Cabeceiras de Basto,POUS,16.0
Braga,Celorico de Basto,PPDPSD,5412.0
Braga,Celorico de Basto,PS,3826.0
Braga,Celorico de Basto,CDSPP,1167.0
Braga,Celorico de Basto,PCPPEV,184.0
Braga,Celorico de Basto,PSN,62.0
Braga,Celorico de Basto,BE,47.0
Braga,Celorico de Basto,POUS,38.0
Braga,Celorico de Basto,PCTPMRPP,36.0
Braga,Celorico de Basto,PPM,35.0
Braga,Celorico de Basto,PH,35.0
Braga,Celorico de Basto,MPT,26.0
Braga,Esposende,PPDPSD,6862.0
Braga,Esposende,PS,6043.0
Braga,Esposende,CDSPP,2972.0
Braga,Esposende,PCPPEV,508.0
Braga,Esposende,BE,167.0
Braga,Esposende,PCTPMRPP,81.0
Braga,Esposende,PPM,74.0
Braga,Esposende,MPT,63.0
Braga,Esposende,PSN,57.0
Braga,Esposende,PH,43.0
Braga,Esposende,POUS,31.0
Braga,Fafe,PS,15073.0
Braga,Fafe,PPDPSD,9374.0
Braga,Fafe,CDSPP,1811.0
Braga,Fafe,PCPPEV,1158.0
Braga,Fafe,BE,182.0
Braga,Fafe,PCTPMRPP,182.0
Braga,Fafe,PSN,113.0
Braga,Fafe,PPM,99.0
Braga,Fafe,PH,61.0
Braga,Fafe,POUS,58.0
Braga,Fafe,MPT,41.0
Braga,Guimarães,PS,40414.0
Braga,Guimarães,PPDPSD,24796.0
Braga,Guimarães,PCPPEV,7325.0
Braga,Guimarães,CDSPP,7046.0
Braga,Guimarães,BE,904.0
Braga,Guimarães,PCTPMRPP,887.0
Braga,Guimarães,PSN,351.0
Braga,Guimarães,PPM,255.0
Braga,Guimarães,MPT,181.0
Braga,Guimarães,PH,148.0
Braga,Guimarães,POUS,145.0
Braga,Póvoa de Lanhoso,PS,5692.0
Braga,Póvoa de Lanhoso,PPDPSD,5309.0
Braga,Póvoa de Lanhoso,CDSPP,920.0
Braga,Póvoa de Lanhoso,PCPPEV,227.0
Braga,Póvoa de Lanhoso,BE,66.0
Braga,Póvoa de Lanhoso,PSN,64.0
Braga,Póvoa de Lanhoso,PPM,44.0
Braga,Póvoa de Lanhoso,POUS,40.0
Braga,Póvoa de Lanhoso,PCTPMRPP,40.0
Braga,Póvoa de Lanhoso,PH,38.0
Braga,Póvoa de Lanhoso,MPT,23.0
Braga,Terras de Bouro,PPDPSD,2533.0
Braga,Terras de Bouro,PS,1707.0
Braga,Terras de Bouro,CDSPP,456.0
Braga,Terras de Bouro,PCPPEV,132.0
Braga,Terras de Bouro,PPM,34.0
Braga,Terras de Bouro,PSN,30.0
Braga,Terras de Bouro,PCTPMRPP,27.0
Braga,Terras de Bouro,BE,26.0
Braga,Terras de Bouro,POUS,17.0
Braga,Terras de Bouro,PH,15.0
Braga,Terras de Bouro,MPT,10.0
Braga,Vieira do Minho,PS,3698.0
Braga,Vieira do Minho,PPDPSD,3535.0
Braga,Vieira do Minho,CDSPP,534.0
Braga,Vieira do Minho,PCPPEV,253.0
Braga,Vieira do Minho,BE,64.0
Braga,Vieira do Minho,PSN,62.0
Braga,Vieira do Minho,PCTPMRPP,50.0
Braga,Vieira do Minho,PPM,43.0
Braga,Vieira do Minho,PH,24.0
Braga,Vieira do Minho,MPT,24.0
Braga,Vieira do Minho,POUS,16.0
Braga,Vila Nova de Famalicão,PS,31609.0
Braga,Vila Nova de Famalicão,PPDPSD,24033.0
Braga,Vila Nova de Famalicão,CDSPP,5661.0
Braga,Vila Nova de Famalicão,PCPPEV,3536.0
Braga,Vila Nova de Famalicão,BE,705.0
Braga,Vila Nova de Famalicão,PCTPMRPP,504.0
Braga,Vila Nova de Famalicão,PPM,183.0
Braga,Vila Nova de Famalicão,PSN,148.0
Braga,Vila Nova de Famalicão,MPT,135.0
Braga,Vila Nova de Famalicão,PH,122.0
Braga,Vila Nova de Famalicão,POUS,93.0
Braga,Vila Verde,PPDPSD,12300.0
Braga,Vila Verde,PS,8051.0
Braga,Vila Verde,CDSPP,2644.0
Braga,Vila Verde,PCPPEV,496.0
Braga,Vila Verde,PSN,163.0
Braga,Vila Verde,BE,134.0
Braga,Vila Verde,PCTPMRPP,105.0
Braga,Vila Verde,PPM,94.0
Braga,Vila Verde,POUS,74.0
Braga,Vila Verde,PH,56.0
Braga,Vila Verde,MPT,50.0
Braga,Vizela,PS,7242.0
Braga,Vizela,PPDPSD,2320.0
Braga,Vizela,CDSPP,657.0
Braga,Vizela,PCPPEV,571.0
Braga,Vizela,BE,86.0
Braga,Vizela,PCTPMRPP,75.0
Braga,Vizela,PPM,39.0
Braga,Vizela,PSN,27.0
Braga,Vizela,POUS,23.0
Braga,Vizela,MPT,16.0
Braga,Vizela,PH,10.0
Bragança,Alfandega da Fé,PPDPSD,1662.0
Bragança,Alfandega da Fé,PS,1569.0
Bragança,Alfandega da Fé,CDSPP,333.0
Bragança,Alfandega da Fé,PCPPEV,100.0
Bragança,Alfandega da Fé,BE,30.0
Bragança,Alfandega da Fé,PCTPMRPP,22.0
Bragança,Alfandega da Fé,MPT,14.0
Bragança,Alfandega da Fé,PSN,11.0
Bragança,Bragança,PS,7531.0
Bragança,Bragança,PPDPSD,7267.0
Bragança,Bragança,CDSPP,1164.0
Bragança,Bragança,PCPPEV,626.0
Bragança,Bragança,BE,201.0
Bragança,Bragança,PCTPMRPP,120.0
Bragança,Bragança,MPT,64.0
Bragança,Bragança,PSN,39.0
Bragança,Carrazeda de Ansiães,PPDPSD,2299.0
Bragança,Carrazeda de Ansiães,PS,1636.0
Bragança,Carrazeda de Ansiães,CDSPP,472.0
Bragança,Carrazeda de Ansiães,PCPPEV,93.0
Bragança,Carrazeda de Ansiães,PCTPMRPP,39.0
Bragança,Carrazeda de Ansiães,BE,27.0
Bragança,Carrazeda de Ansiães,MPT,14.0
Bragança,Carrazeda de Ansiães,PSN,8.0
Bragança,Freixo Espada a Cinta,PPDPSD,1137.0
Bragança,Freixo Espada a Cinta,PS,1127.0
Bragança,Freixo Espada a Cinta,CDSPP,154.0
Bragança,Freixo Espada a Cinta,PCPPEV,55.0
Bragança,Freixo Espada a Cinta,BE,22.0
Bragança,Freixo Espada a Cinta,PCTPMRPP,16.0
Bragança,Freixo Espada a Cinta,PSN,5.0
Bragança,Freixo Espada a Cinta,MPT,3.0
Bragança,Macedo de Cavaleiros,PPDPSD,3945.0
Bragança,Macedo de Cavaleiros,PS,3743.0
Bragança,Macedo de Cavaleiros,CDSPP,1348.0
Bragança,Macedo de Cavaleiros,PCPPEV,188.0
Bragança,Macedo de Cavaleiros,BE,82.0
Bragança,Macedo de Cavaleiros,PCTPMRPP,59.0
Bragança,Macedo de Cavaleiros,MPT,38.0
Bragança,Macedo de Cavaleiros,PSN,21.0
Bragança,Miranda do Douro,PPDPSD,2095.0
Bragança,Miranda do Douro,PS,1751.0
Bragança,Miranda do Douro,CDSPP,221.0
Bragança,Miranda do Douro,PCPPEV,59.0
Bragança,Miranda do Douro,BE,32.0
Bragança,Miranda do Douro,PCTPMRPP,23.0
Bragança,Miranda do Douro,PSN,15.0
Bragança,Miranda do Douro,MPT,14.0
Bragança,Mirandela,PPDPSD,6180.0
Bragança,Mirandela,PS,4311.0
Bragança,Mirandela,CDSPP,1480.0
Bragança,Mirandela,PCPPEV,492.0
Bragança,Mirandela,BE,99.0
Bragança,Mirandela,PCTPMRPP,89.0
Bragança,Mirandela,MPT,54.0
Bragança,Mirandela,PSN,42.0
Bragança,Mogadouro,PPDPSD,3658.0
Bragança,Mogadouro,PS,2284.0
Bragança,Mogadouro,CDSPP,457.0
Bragança,Mogadouro,PCPPEV,78.0
Bragança,Mogadouro,BE,44.0
Bragança,Mogadouro,PCTPMRPP,36.0
Bragança,Mogadouro,MPT,19.0
Bragança,Mogadouro,PSN,17.0
Bragança,Torre de Moncorvo,PPDPSD,2577.0
Bragança,Torre de Moncorvo,PS,2475.0
Bragança,Torre de Moncorvo,CDSPP,525.0
Bragança,Torre de Moncorvo,PCPPEV,146.0
Bragança,Torre de Moncorvo,BE,41.0
Bragança,Torre de Moncorvo,PCTPMRPP,27.0
Bragança,Torre de Moncorvo,MPT,16.0
Bragança,Torre de Moncorvo,PSN,15.0
Bragança,Vila Flor,PPDPSD,1992.0
Bragança,Vila Flor,PS,1898.0
Bragança,Vila Flor,CDSPP,476.0
Bragança,Vila Flor,PCPPEV,139.0
Bragança,Vila Flor,PCTPMRPP,44.0
Bragança,Vila Flor,BE,33.0
Bragança,Vila Flor,PSN,22.0
Bragança,Vila Flor,MPT,13.0
Bragança,Vimioso,PPDPSD,1571.0
Bragança,Vimioso,PS,1240.0
Bragança,Vimioso,CDSPP,101.0
Bragança,Vimioso,PCPPEV,53.0
Bragança,Vimioso,PCTPMRPP,27.0
Bragança,Vimioso,BE,27.0
Bragança,Vimioso,MPT,19.0
Bragança,Vimioso,PSN,10.0
Bragança,Vinhais,PS,3023.0
Bragança,Vinhais,PPDPSD,2458.0
Bragança,Vinhais,CDSPP,348.0
Bragança,Vinhais,PCPPEV,112.0
Bragança,Vinhais,BE,41.0
Bragança,Vinhais,PCTPMRPP,28.0
Bragança,Vinhais,MPT,28.0
Bragança,Vinhais,PSN,25.0
Castelo Branco,Belmonte,PS,2169.0
Castelo Branco,Belmonte,PPDPSD,1019.0
Castelo Branco,Belmonte,CDSPP,230.0
Castelo Branco,Belmonte,PCPPEV,192.0
Castelo Branco,Belmonte,BE,31.0
Castelo Branco,Belmonte,PCTPMRPP,25.0
Castelo Branco,Belmonte,MPT,15.0
Castelo Branco,Belmonte,PPM,12.0
Castelo Branco,Castelo Branco,PS,17843.0
Castelo Branco,Castelo Branco,PPDPSD,9020.0
Castelo Branco,Castelo Branco,CDSPP,2143.0
Castelo Branco,Castelo Branco,PCPPEV,1335.0
Castelo Branco,Castelo Branco,BE,539.0
Castelo Branco,Castelo Branco,PCTPMRPP,210.0
Castelo Branco,Castelo Branco,PPM,152.0
Castelo Branco,Castelo Branco,MPT,128.0
Castelo Branco,Covilhã,PS,18222.0
Castelo Branco,Covilhã,PPDPSD,6841.0
Castelo Branco,Covilhã,PCPPEV,3257.0
Castelo Branco,Covilhã,CDSPP,1936.0
Castelo Branco,Covilhã,BE,419.0
Castelo Branco,Covilhã,PCTPMRPP,292.0
Castelo Branco,Covilhã,PPM,127.0
Castelo Branco,Covilhã,MPT,90.0
Castelo Branco,Fundão,PS,9690.0
Castelo Branco,Fundão,PPDPSD,4763.0
Castelo Branco,Fundão,CDSPP,933.0
Castelo Branco,Fundão,PCPPEV,799.0
Castelo Branco,Fundão,BE,240.0
Castelo Branco,Fundão,PCTPMRPP,148.0
Castelo Branco,Fundão,PPM,89.0
Castelo Branco,Fundão,MPT,77.0
Castelo Branco,Idanha-a-Nova,PS,4225.0
Castelo Branco,Idanha-a-Nova,PPDPSD,2217.0
Castelo Branco,Idanha-a-Nova,CDSPP,375.0
Castelo Branco,Idanha-a-Nova,PCPPEV,275.0
Castelo Branco,Idanha-a-Nova,PCTPMRPP,58.0
Castelo Branco,Idanha-a-Nova,BE,57.0
Castelo Branco,Idanha-a-Nova,PPM,51.0
Castelo Branco,Idanha-a-Nova,MPT,30.0
Castelo Branco,Oleiros,PPDPSD,2837.0
Castelo Branco,Oleiros,PS,1408.0
Castelo Branco,Oleiros,CDSPP,226.0
Castelo Branco,Oleiros,PCPPEV,49.0
Castelo Branco,Oleiros,BE,27.0
Castelo Branco,Oleiros,PPM,14.0
Castelo Branco,Oleiros,PCTPMRPP,10.0
Castelo Branco,Oleiros,MPT,10.0
Castelo Branco,Penamacor,PS,2112.0
Castelo Branco,Penamacor,PPDPSD,1204.0
Castelo Branco,Penamacor,CDSPP,351.0
Castelo Branco,Penamacor,PCPPEV,112.0
Castelo Branco,Penamacor,BE,33.0
Castelo Branco,Penamacor,PPM,30.0
Castelo Branco,Penamacor,PCTPMRPP,30.0
Castelo Branco,Penamacor,MPT,15.0
Castelo Branco,Proença-a-Nova,PPDPSD,3134.0
Castelo Branco,Proença-a-Nova,PS,2249.0
Castelo Branco,Proença-a-Nova,CDSPP,431.0
Castelo Branco,Proença-a-Nova,PCPPEV,101.0
Castelo Branco,Proença-a-Nova,BE,44.0
Castelo Branco,Proença-a-Nova,PPM,22.0
Castelo Branco,Proença-a-Nova,PCTPMRPP,20.0
Castelo Branco,Proença-a-Nova,MPT,15.0
Castelo Branco,Sertã,PPDPSD,5643.0
Castelo Branco,Sertã,PS,3217.0
Castelo Branco,Sertã,CDSPP,711.0
Castelo Branco,Sertã,PCPPEV,113.0
Castelo Branco,Sertã,BE,79.0
Castelo Branco,Sertã,PPM,37.0
Castelo Branco,Sertã,MPT,29.0
Castelo Branco,Sertã,PCTPMRPP,27.0
Castelo Branco,Vila Velha de Rodão,PS,1822.0
Castelo Branco,Vila Velha de Rodão,PPDPSD,904.0
Castelo Branco,Vila Velha de Rodão,PCPPEV,173.0
Castelo Branco,Vila Velha de Rodão,CDSPP,80.0
Castelo Branco,Vila Velha de Rodão,BE,28.0
Castelo Branco,Vila Velha de Rodão,PPM,15.0
Castelo Branco,Vila Velha de Rodão,PCTPMRPP,15.0
Castelo Branco,Vila Velha de Rodão,MPT,3.0
Castelo Branco,Vila de Rei,PPDPSD,1589.0
Castelo Branco,Vila de Rei,PS,441.0
Castelo Branco,Vila de Rei,CDSPP,249.0
Castelo Branco,Vila de Rei,PCPPEV,36.0
Castelo Branco,Vila de Rei,BE,23.0
Castelo Branco,Vila de Rei,PPM,17.0
Castelo Branco,Vila de Rei,MPT,12.0
Castelo Branco,Vila de Rei,PCTPMRPP,5.0
Coimbra,Arganil,PPDPSD,3606.0
Coimbra,Arganil,PS,3494.0
Coimbra,Arganil,CDSPP,377.0
Coimbra,Arganil,PCPPEV,147.0
Coimbra,Arganil,BE,64.0
Coimbra,Arganil,PPM,35.0
Coimbra,Arganil,PCTPMRPP,33.0
Coimbra,Arganil,MPT,16.0
Coimbra,Arganil,POUS,9.0
Coimbra,Arganil,PH,8.0
Coimbra,Cantanhede,PPDPSD,9297.0
Coimbra,Cantanhede,PS,8060.0
Coimbra,Cantanhede,CDSPP,1650.0
Coimbra,Cantanhede,PCPPEV,478.0
Coimbra,Cantanhede,BE,210.0
Coimbra,Cantanhede,PPM,64.0
Coimbra,Cantanhede,PCTPMRPP,63.0
Coimbra,Cantanhede,MPT,45.0
Coimbra,Cantanhede,PH,31.0
Coimbra,Cantanhede,POUS,24.0
Coimbra,Coimbra,PS,37844.0
Coimbra,Coimbra,PPDPSD,23510.0
Coimbra,Coimbra,PCPPEV,7841.0
Coimbra,Coimbra,CDSPP,5058.0
Coimbra,Coimbra,BE,2777.0
Coimbra,Coimbra,PCTPMRPP,480.0
Coimbra,Coimbra,PPM,274.0
Coimbra,Coimbra,MPT,257.0
Coimbra,Coimbra,PH,139.0
Coimbra,Coimbra,POUS,44.0
Coimbra,Condeixa-a-Nova,PS,3636.0
Coimbra,Condeixa-a-Nova,PPDPSD,2055.0
Coimbra,Condeixa-a-Nova,PCPPEV,528.0
Coimbra,Condeixa-a-Nova,CDSPP,281.0
Coimbra,Condeixa-a-Nova,BE,102.0
Coimbra,Condeixa-a-Nova,PCTPMRPP,53.0
Coimbra,Condeixa-a-Nova,PPM,25.0
Coimbra,Condeixa-a-Nova,MPT,18.0
Coimbra,Condeixa-a-Nova,POUS,11.0
Coimbra,Condeixa-a-Nova,PH,11.0
Coimbra,Figueira da Foz,PS,15085.0
Coimbra,Figueira da Foz,PPDPSD,11674.0
Coimbra,Figueira da Foz,PCPPEV,2119.0
Coimbra,Figueira da Foz,CDSPP,1685.0
Coimbra,Figueira da Foz,BE,554.0
Coimbra,Figueira da Foz,PCTPMRPP,215.0
Coimbra,Figueira da Foz,PPM,130.0
Coimbra,Figueira da Foz,MPT,75.0
Coimbra,Figueira da Foz,PH,64.0
Coimbra,Figueira da Foz,POUS,31.0
Coimbra,Góis,PS,1595.0
Coimbra,Góis,PPDPSD,1047.0
Coimbra,Góis,CDSPP,99.0
Coimbra,Góis,PCPPEV,43.0
Coimbra,Góis,BE,25.0
Coimbra,Góis,PPM,21.0
Coimbra,Góis,PCTPMRPP,10.0
Coimbra,Góis,MPT,8.0
Coimbra,Góis,PH,8.0
Coimbra,Góis,POUS,3.0
Coimbra,Lousã,PS,4423.0
Coimbra,Lousã,PPDPSD,2282.0
Coimbra,Lousã,CDSPP,491.0
Coimbra,Lousã,PCPPEV,285.0
Coimbra,Lousã,BE,119.0
Coimbra,Lousã,PPM,36.0
Coimbra,Lousã,PCTPMRPP,27.0
Coimbra,Lousã,PH,22.0
Coimbra,Lousã,MPT,16.0
Coimbra,Lousã,POUS,7.0
Coimbra,Mira,PPDPSD,3059.0
Coimbra,Mira,PS,2964.0
Coimbra,Mira,CDSPP,499.0
Coimbra,Mira,PCPPEV,141.0
Coimbra,Mira,BE,86.0
Coimbra,Mira,PPM,28.0
Coimbra,Mira,MPT,18.0
Coimbra,Mira,PCTPMRPP,17.0
Coimbra,Mira,PH,11.0
Coimbra,Mira,POUS,6.0
Coimbra,Miranda do Corvo,PS,3556.0
Coimbra,Miranda do Corvo,PPDPSD,2241.0
Coimbra,Miranda do Corvo,PCPPEV,269.0
Coimbra,Miranda do Corvo,CDSPP,255.0
Coimbra,Miranda do Corvo,BE,71.0
Coimbra,Miranda do Corvo,PCTPMRPP,35.0
Coimbra,Miranda do Corvo,PPM,25.0
Coimbra,Miranda do Corvo,MPT,21.0
Coimbra,Miranda do Corvo,PH,15.0
Coimbra,Miranda do Corvo,POUS,14.0
Coimbra,Montemor-o-Velho,PS,6566.0
Coimbra,Montemor-o-Velho,PPDPSD,3371.0
Coimbra,Montemor-o-Velho,PCPPEV,900.0
Coimbra,Montemor-o-Velho,CDSPP,814.0
Coimbra,Montemor-o-Velho,BE,132.0
Coimbra,Montemor-o-Velho,PCTPMRPP,120.0
Coimbra,Montemor-o-Velho,PPM,70.0
Coimbra,Montemor-o-Velho,MPT,49.0
Coimbra,Montemor-o-Velho,PH,26.0
Coimbra,Montemor-o-Velho,POUS,16.0
Coimbra,Oliveira do Hospital,PS,5342.0
Coimbra,Oliveira do Hospital,PPDPSD,5246.0
Coimbra,Oliveira do Hospital,CDSPP,864.0
Coimbra,Oliveira do Hospital,PCPPEV,199.0
Coimbra,Oliveira do Hospital,BE,80.0
Coimbra,Oliveira do Hospital,PPM,47.0
Coimbra,Oliveira do Hospital,PCTPMRPP,47.0
Coimbra,Oliveira do Hospital,PH,28.0
Coimbra,Oliveira do Hospital,MPT,22.0
Coimbra,Oliveira do Hospital,POUS,18.0
Coimbra,Pampilhosa da Serra,PPDPSD,1654.0
Coimbra,Pampilhosa da Serra,PS,1386.0
Coimbra,Pampilhosa da Serra,CDSPP,95.0
Coimbra,Pampilhosa da Serra,PCPPEV,49.0
Coimbra,Pampilhosa da Serra,BE,20.0
Coimbra,Pampilhosa da Serra,PCTPMRPP,15.0
Coimbra,Pampilhosa da Serra,PPM,14.0
Coimbra,Pampilhosa da Serra,MPT,6.0
Coimbra,Pampilhosa da Serra,PH,5.0
Coimbra,Pampilhosa da Serra,POUS,4.0
Coimbra,Penacova,PS,3795.0
Coimbra,Penacova,PPDPSD,3772.0
Coimbra,Penacova,CDSPP,457.0
Coimbra,Penacova,PCPPEV,345.0
Coimbra,Penacova,BE,68.0
Coimbra,Penacova,PCTPMRPP,26.0
Coimbra,Penacova,PPM,20.0
Coimbra,Penacova,PH,15.0
Coimbra,Penacova,MPT,13.0
Coimbra,Penacova,POUS,6.0
Coimbra,Penela,PPDPSD,1849.0
Coimbra,Penela,PS,1334.0
Coimbra,Penela,CDSPP,158.0
Coimbra,Penela,PCPPEV,64.0
Coimbra,Penela,BE,22.0
Coimbra,Penela,PPM,20.0
Coimbra,Penela,PCTPMRPP,13.0
Coimbra,Penela,PH,12.0
Coimbra,Penela,MPT,10.0
Coimbra,Penela,POUS,8.0
Coimbra,Soure,PS,6467.0
Coimbra,Soure,PPDPSD,3120.0
Coimbra,Soure,PCPPEV,630.0
Coimbra,Soure,CDSPP,541.0
Coimbra,Soure,BE,136.0
Coimbra,Soure,PPM,57.0
Coimbra,Soure,PCTPMRPP,51.0
Coimbra,Soure,PH,28.0
Coimbra,Soure,MPT,23.0
Coimbra,Soure,POUS,22.0
Coimbra,Tábua,PS,2945.0
Coimbra,Tábua,PPDPSD,2819.0
Coimbra,Tábua,CDSPP,447.0
Coimbra,Tábua,PCPPEV,124.0
Coimbra,Tábua,BE,48.0
Coimbra,Tábua,PCTPMRPP,39.0
Coimbra,Tábua,PPM,30.0
Coimbra,Tábua,PH,17.0
Coimbra,Tábua,MPT,15.0
Coimbra,Tábua,POUS,11.0
Coimbra,Vila Nova de Poiares,PS,1464.0
Coimbra,Vila Nova de Poiares,PPDPSD,1423.0
Coimbra,Vila Nova de Poiares,CDSPP,219.0
Coimbra,Vila Nova de Poiares,PCPPEV,96.0
Coimbra,Vila Nova de Poiares,BE,31.0
Coimbra,Vila Nova de Poiares,PPM,19.0
Coimbra,Vila Nova de Poiares,PCTPMRPP,9.0
Coimbra,Vila Nova de Poiares,MPT,7.0
Coimbra,Vila Nova de Poiares,PH,6.0
Coimbra,Vila Nova de Poiares,POUS,1.0
Faro,Albufeira,PS,5206.0
Faro,Albufeira,PPDPSD,3754.0
Faro,Albufeira,CDSPP,902.0
Faro,Albufeira,PCPPEV,726.0
Faro,Albufeira,BE,213.0
Faro,Albufeira,PCTPMRPP,122.0
Faro,Albufeira,MPT,74.0
Faro,Alcoutim,PS,1182.0
Faro,Alcoutim,PPDPSD,862.0
Faro,Alcoutim,PCPPEV,155.0
Faro,Alcoutim,CDSPP,72.0
Faro,Alcoutim,PCTPMRPP,29.0
Faro,Alcoutim,BE,18.0
Faro,Alcoutim,MPT,7.0
Faro,Aljezur,PS,1410.0
Faro,Aljezur,PPDPSD,529.0
Faro,Aljezur,PCPPEV,368.0
Faro,Aljezur,CDSPP,178.0
Faro,Aljezur,PCTPMRPP,68.0
Faro,Aljezur,BE,46.0
Faro,Aljezur,MPT,27.0
Faro,Castro Marim,PS,2022.0
Faro,Castro Marim,PPDPSD,996.0
Faro,Castro Marim,PCPPEV,183.0
Faro,Castro Marim,CDSPP,164.0
Faro,Castro Marim,BE,39.0
Faro,Castro Marim,PCTPMRPP,37.0
Faro,Castro Marim,MPT,19.0
Faro,Faro,PS,12567.0
Faro,Faro,PPDPSD,7858.0
Faro,Faro,PCPPEV,2629.0
Faro,Faro,CDSPP,2148.0
Faro,Faro,BE,966.0
Faro,Faro,MPT,225.0
Faro,Faro,PCTPMRPP,218.0
Faro,Lagoa,PS,4455.0
Faro,Lagoa,PPDPSD,2589.0
Faro,Lagoa,CDSPP,633.0
Faro,Lagoa,PCPPEV,627.0
Faro,Lagoa,BE,128.0
Faro,Lagoa,PCTPMRPP,89.0
Faro,Lagoa,MPT,52.0
Faro,Lagos,PS,6384.0
Faro,Lagos,PPDPSD,2713.0
Faro,Lagos,PCPPEV,1170.0
Faro,Lagos,CDSPP,848.0
Faro,Lagos,BE,322.0
Faro,Lagos,PCTPMRPP,145.0
Faro,Lagos,MPT,73.0
Faro,Loulé,PS,11645.0
Faro,Loulé,PPDPSD,9564.0
Faro,Loulé,CDSPP,2049.0
Faro,Loulé,PCPPEV,1144.0
Faro,Loulé,BE,519.0
Faro,Loulé,PCTPMRPP,226.0
Faro,Loulé,MPT,173.0
Faro,Monchique,PS,2284.0
Faro,Monchique,PPDPSD,1352.0
Faro,Monchique,PCPPEV,307.0
Faro,Monchique,CDSPP,217.0
Faro,Monchique,BE,63.0
Faro,Monchique,PCTPMRPP,59.0
Faro,Monchique,MPT,20.0
Faro,Olhão,PS,8073.0
Faro,Olhão,PPDPSD,4578.0
Faro,Olhão,CDSPP,1595.0
Faro,Olhão,PCPPEV,1338.0
Faro,Olhão,BE,332.0
Faro,Olhão,PCTPMRPP,248.0
Faro,Olhão,MPT,130.0
Faro,Portimão,PS,10989.0
Faro,Portimão,PPDPSD,6057.0
Faro,Portimão,CDSPP,1907.0
Faro,Portimão,PCPPEV,1878.0
Faro,Portimão,BE,632.0
Faro,Portimão,PCTPMRPP,235.0
Faro,Portimão,MPT,149.0
Faro,Silves,PS,7619.0
Faro,Silves,PPDPSD,4569.0
Faro,Silves,PCPPEV,1799.0
Faro,Silves,CDSPP,799.0
Faro,Silves,BE,278.0
Faro,Silves,PCTPMRPP,239.0
Faro,Silves,MPT,116.0
Faro,São Brás de Alportel,PS,2118.0
Faro,São Brás de Alportel,PPDPSD,1458.0
Faro,São Brás de Alportel,CDSPP,302.0
Faro,São Brás de Alportel,PCPPEV,260.0
Faro,São Brás de Alportel,BE,79.0
Faro,São Brás de Alportel,PCTPMRPP,39.0
Faro,São Brás de Alportel,MPT,24.0
Faro,Tavira,PS,6016.0
Faro,Tavira,PPDPSD,3847.0
Faro,Tavira,CDSPP,684.0
Faro,Tavira,PCPPEV,674.0
Faro,Tavira,BE,251.0
Faro,Tavira,PCTPMRPP,144.0
Faro,Tavira,MPT,101.0
Faro,Vila Real Sto Antonio,PS,3738.0
Faro,Vila Real Sto Antonio,PPDPSD,1723.0
Faro,Vila Real Sto Antonio,PCPPEV,1402.0
Faro,Vila Real Sto Antonio,CDSPP,416.0
Faro,Vila Real Sto Antonio,BE,171.0
Faro,Vila Real Sto Antonio,PCTPMRPP,114.0
Faro,Vila Real Sto Antonio,MPT,33.0
Faro,Vila do Bispo,PS,1454.0
Faro,Vila do Bispo,PPDPSD,647.0
Faro,Vila do Bispo,PCPPEV,226.0
Faro,Vila do Bispo,CDSPP,170.0
Faro,Vila do Bispo,BE,49.0
Faro,Vila do Bispo,PCTPMRPP,44.0
Faro,Vila do Bispo,MPT,14.0
Guarda,Aguiar da Beira,PPDPSD,1727.0
Guarda,Aguiar da Beira,PS,934.0
Guarda,Aguiar da Beira,CDSPP,687.0
Guarda,Aguiar da Beira,PCPPEV,30.0
Guarda,Aguiar da Beira,BE,18.0
Guarda,Aguiar da Beira,PCTPMRPP,11.0
Guarda,Aguiar da Beira,MPT,8.0
Guarda,Almeida,PPDPSD,2101.0
Guarda,Almeida,PS,2093.0
Guarda,Almeida,CDSPP,649.0
Guarda,Almeida,PCPPEV,151.0
Guarda,Almeida,BE,46.0
Guarda,Almeida,PCTPMRPP,31.0
Guarda,Almeida,MPT,29.0
Guarda,Celorico da Beira,PS,2327.0
Guarda,Celorico da Beira,PPDPSD,2076.0
Guarda,Celorico da Beira,CDSPP,467.0
Guarda,Celorico da Beira,PCPPEV,113.0
Guarda,Celorico da Beira,BE,39.0
Guarda,Celorico da Beira,PCTPMRPP,24.0
Guarda,Celorico da Beira,MPT,13.0
Guarda,Fig. Castelo Rodrigo,PS,1916.0
Guarda,Fig. Castelo Rodrigo,PPDPSD,1763.0
Guarda,Fig. Castelo Rodrigo,CDSPP,266.0
Guarda,Fig. Castelo Rodrigo,PCPPEV,66.0
Guarda,Fig. Castelo Rodrigo,PCTPMRPP,26.0
Guarda,Fig. Castelo Rodrigo,BE,25.0
Guarda,Fig. Castelo Rodrigo,MPT,16.0
Guarda,Fornos de Algodres,PPDPSD,1704.0
Guarda,Fornos de Algodres,PS,1409.0
Guarda,Fornos de Algodres,CDSPP,371.0
Guarda,Fornos de Algodres,PCPPEV,82.0
Guarda,Fornos de Algodres,PCTPMRPP,18.0
Guarda,Fornos de Algodres,BE,17.0
Guarda,Fornos de Algodres,MPT,10.0
Guarda,Gouveia,PS,4265.0
Guarda,Gouveia,PPDPSD,3575.0
Guarda,Gouveia,CDSPP,733.0
Guarda,Gouveia,PCPPEV,368.0
Guarda,Gouveia,BE,118.0
Guarda,Gouveia,PCTPMRPP,70.0
Guarda,Gouveia,MPT,35.0
Guarda,Guarda,PS,11250.0
Guarda,Guarda,PPDPSD,7834.0
Guarda,Guarda,CDSPP,2440.0
Guarda,Guarda,PCPPEV,812.0
Guarda,Guarda,BE,342.0
Guarda,Guarda,PCTPMRPP,186.0
Guarda,Guarda,MPT,103.0
Guarda,Manteigas,PS,985.0
Guarda,Manteigas,PPDPSD,609.0
Guarda,Manteigas,CDSPP,192.0
Guarda,Manteigas,PCPPEV,159.0
Guarda,Manteigas,PCTPMRPP,26.0
Guarda,Manteigas,BE,18.0
Guarda,Manteigas,MPT,6.0
Guarda,Meda,PPDPSD,1802.0
Guarda,Meda,PS,1245.0
Guarda,Meda,CDSPP,430.0
Guarda,Meda,PCPPEV,65.0
Guarda,Meda,PCTPMRPP,45.0
Guarda,Meda,BE,43.0
Guarda,Meda,MPT,15.0
Guarda,Pinhel,PPDPSD,2550.0
Guarda,Pinhel,PS,2324.0
Guarda,Pinhel,CDSPP,666.0
Guarda,Pinhel,PCPPEV,202.0
Guarda,Pinhel,BE,60.0
Guarda,Pinhel,PCTPMRPP,32.0
Guarda,Pinhel,MPT,30.0
Guarda,Sabugal,PS,3751.0
Guarda,Sabugal,PPDPSD,3700.0
Guarda,Sabugal,CDSPP,977.0
Guarda,Sabugal,PCPPEV,217.0
Guarda,Sabugal,BE,80.0
Guarda,Sabugal,PCTPMRPP,63.0
Guarda,Sabugal,MPT,53.0
Guarda,Seia,PS,7316.0
Guarda,Seia,PPDPSD,5600.0
Guarda,Seia,CDSPP,1162.0
Guarda,Seia,PCPPEV,765.0
Guarda,Seia,BE,171.0
Guarda,Seia,PCTPMRPP,100.0
Guarda,Seia,MPT,52.0
Guarda,Trancoso,PPDPSD,2740.0
Guarda,Trancoso,PS,2218.0
Guarda,Trancoso,CDSPP,602.0
Guarda,Trancoso,PCPPEV,104.0
Guarda,Trancoso,BE,62.0
Guarda,Trancoso,PCTPMRPP,35.0
Guarda,Trancoso,MPT,23.0
Guarda,Vila Nova de Foz Coa,PPDPSD,2243.0
Guarda,Vila Nova de Foz Coa,PS,2221.0
Guarda,Vila Nova de Foz Coa,CDSPP,345.0
Guarda,Vila Nova de Foz Coa,PCPPEV,119.0
Guarda,Vila Nova de Foz Coa,BE,49.0
Guarda,Vila Nova de Foz Coa,PCTPMRPP,24.0
Guarda,Vila Nova de Foz Coa,MPT,20.0
Leiria,Alcobaça,PPDPSD,12567.0
Leiria,Alcobaça,PS,11538.0
Leiria,Alcobaça,CDSPP,2718.0
Leiria,Alcobaça,PCPPEV,2246.0
Leiria,Alcobaça,BE,387.0
Leiria,Alcobaça,PCTPMRPP,272.0
Leiria,Alcobaça,MPT,103.0
Leiria,Alcobaça,PSN,78.0
Leiria,Alcobaça,POUS,49.0
Leiria,Alvaiázere,PPDPSD,3467.0
Leiria,Alvaiázere,PS,953.0
Leiria,Alvaiázere,CDSPP,460.0
Leiria,Alvaiázere,PCPPEV,35.0
Leiria,Alvaiázere,BE,25.0
Leiria,Alvaiázere,MPT,23.0
Leiria,Alvaiázere,PCTPMRPP,19.0
Leiria,Alvaiázere,PSN,10.0
Leiria,Alvaiázere,POUS,6.0
Leiria,Ansião,PPDPSD,4590.0
Leiria,Ansião,PS,2575.0
Leiria,Ansião,CDSPP,601.0
Leiria,Ansião,PCPPEV,105.0
Leiria,Ansião,BE,62.0
Leiria,Ansião,MPT,28.0
Leiria,Ansião,PCTPMRPP,25.0
Leiria,Ansião,PSN,25.0
Leiria,Ansião,POUS,24.0
Leiria,Batalha,PPDPSD,3812.0
Leiria,Batalha,PS,2205.0
Leiria,Batalha,CDSPP,1590.0
Leiria,Batalha,PCPPEV,132.0
Leiria,Batalha,BE,103.0
Leiria,Batalha,PCTPMRPP,40.0
Leiria,Batalha,MPT,31.0
Leiria,Batalha,PSN,25.0
Leiria,Batalha,POUS,8.0
Leiria,Bombarral,PS,2588.0
Leiria,Bombarral,PPDPSD,2575.0
Leiria,Bombarral,CDSPP,913.0
Leiria,Bombarral,PCPPEV,426.0
Leiria,Bombarral,BE,99.0
Leiria,Bombarral,PCTPMRPP,52.0
Leiria,Bombarral,PSN,31.0
Leiria,Bombarral,MPT,26.0
Leiria,Bombarral,POUS,17.0
Leiria,Caldas da Rainha,PPDPSD,9571.0
Leiria,Caldas da Rainha,PS,8710.0
Leiria,Caldas da Rainha,CDSPP,2414.0
Leiria,Caldas da Rainha,PCPPEV,1098.0
Leiria,Caldas da Rainha,BE,511.0
Leiria,Caldas da Rainha,PCTPMRPP,139.0
Leiria,Caldas da Rainha,MPT,116.0
Leiria,Caldas da Rainha,POUS,49.0
Leiria,Caldas da Rainha,PSN,49.0
Leiria,Castanheira de Pera,PS,1100.0
Leiria,Castanheira de Pera,PPDPSD,586.0
Leiria,Castanheira de Pera,CDSPP,73.0
Leiria,Castanheira de Pera,PCPPEV,47.0
Leiria,Castanheira de Pera,PCTPMRPP,16.0
Leiria,Castanheira de Pera,BE,15.0
Leiria,Castanheira de Pera,PSN,4.0
Leiria,Castanheira de Pera,POUS,2.0
Leiria,Castanheira de Pera,MPT,0.0
Leiria,Figueiró dos Vinhos,PPDPSD,2370.0
Leiria,Figueiró dos Vinhos,PS,1558.0
Leiria,Figueiró dos Vinhos,CDSPP,283.0
Leiria,Figueiró dos Vinhos,PCPPEV,60.0
Leiria,Figueiró dos Vinhos,PCTPMRPP,37.0
Leiria,Figueiró dos Vinhos,BE,25.0
Leiria,Figueiró dos Vinhos,MPT,10.0
Leiria,Figueiró dos Vinhos,PSN,8.0
Leiria,Figueiró dos Vinhos,POUS,7.0
Leiria,Leiria,PPDPSD,27895.0
Leiria,Leiria,PS,19914.0
Leiria,Leiria,CDSPP,7566.0
Leiria,Leiria,PCPPEV,1693.0
Leiria,Leiria,BE,1178.0
Leiria,Leiria,PCTPMRPP,317.0
Leiria,Leiria,MPT,232.0
Leiria,Leiria,PSN,171.0
Leiria,Leiria,POUS,122.0
Leiria,Marinha Grande,PS,7848.0
Leiria,Marinha Grande,PCPPEV,3846.0
Leiria,Marinha Grande,PPDPSD,3482.0
Leiria,Marinha Grande,CDSPP,1016.0
Leiria,Marinha Grande,BE,443.0
Leiria,Marinha Grande,PCTPMRPP,333.0
Leiria,Marinha Grande,MPT,63.0
Leiria,Marinha Grande,POUS,50.0
Leiria,Marinha Grande,PSN,42.0
Leiria,Nazaré,PS,3717.0
Leiria,Nazaré,PPDPSD,2200.0
Leiria,Nazaré,PCPPEV,593.0
Leiria,Nazaré,CDSPP,384.0
Leiria,Nazaré,BE,206.0
Leiria,Nazaré,PCTPMRPP,64.0
Leiria,Nazaré,MPT,21.0
Leiria,Nazaré,PSN,16.0
Leiria,Nazaré,POUS,14.0
Leiria,Pedrogão Grande,PPDPSD,1652.0
Leiria,Pedrogão Grande,PS,854.0
Leiria,Pedrogão Grande,CDSPP,130.0
Leiria,Pedrogão Grande,PCPPEV,26.0
Leiria,Pedrogão Grande,PCTPMRPP,19.0
Leiria,Pedrogão Grande,BE,15.0
Leiria,Pedrogão Grande,MPT,12.0
Leiria,Pedrogão Grande,POUS,9.0
Leiria,Pedrogão Grande,PSN,7.0
Leiria,Peniche,PS,6315.0
Leiria,Peniche,PPDPSD,3590.0
Leiria,Peniche,PCPPEV,1073.0
Leiria,Peniche,CDSPP,874.0
Leiria,Peniche,BE,224.0
Leiria,Peniche,PCTPMRPP,138.0
Leiria,Peniche,MPT,46.0
Leiria,Peniche,POUS,27.0
Leiria,Peniche,PSN,24.0
Leiria,Pombal,PPDPSD,13189.0
Leiria,Pombal,PS,8400.0
Leiria,Pombal,CDSPP,2026.0
Leiria,Pombal,PCPPEV,370.0
Leiria,Pombal,BE,307.0
Leiria,Pombal,PCTPMRPP,118.0
Leiria,Pombal,MPT,94.0
Leiria,Pombal,PSN,70.0
Leiria,Pombal,POUS,57.0
Leiria,Porto de Mós,PPDPSD,5614.0
Leiria,Porto de Mós,PS,4752.0
Leiria,Porto de Mós,CDSPP,1629.0
Leiria,Porto de Mós,PCPPEV,361.0
Leiria,Porto de Mós,BE,175.0
Leiria,Porto de Mós,PCTPMRPP,84.0
Leiria,Porto de Mós,MPT,71.0
Leiria,Porto de Mós,PSN,43.0
Leiria,Porto de Mós,POUS,17.0
Leiria,Óbidos,PS,2562.0
Leiria,Óbidos,PPDPSD,1931.0
Leiria,Óbidos,CDSPP,411.0
Leiria,Óbidos,PCPPEV,246.0
Leiria,Óbidos,BE,68.0
Leiria,Óbidos,PCTPMRPP,51.0
Leiria,Óbidos,MPT,23.0
Leiria,Óbidos,PSN,15.0
Leiria,Óbidos,POUS,11.0
Lisboa,Alenquer,PS,9579.0
Lisboa,Alenquer,PPDPSD,4170.0
Lisboa,Alenquer,PCPPEV,2872.0
Lisboa,Alenquer,CDSPP,1173.0
Lisboa,Alenquer,BE,343.0
Lisboa,Alenquer,PCTPMRPP,201.0
Lisboa,Alenquer,PPM,76.0
Lisboa,Alenquer,MPT,60.0
Lisboa,Alenquer,POUS,50.0
Lisboa,Alenquer,PSN,43.0
Lisboa,Alenquer,PH,39.0
Lisboa,Amadora,PS,41461.0
Lisboa,Amadora,PPDPSD,22462.0
Lisboa,Amadora,PCPPEV,14831.0
Lisboa,Amadora,CDSPP,6611.0
Lisboa,Amadora,BE,4512.0
Lisboa,Amadora,PCTPMRPP,845.0
Lisboa,Amadora,MPT,504.0
Lisboa,Amadora,PPM,361.0
Lisboa,Amadora,PH,151.0
Lisboa,Amadora,PSN,131.0
Lisboa,Amadora,POUS,126.0
Lisboa,Arruda dos Vinhos,PS,2417.0
Lisboa,Arruda dos Vinhos,PPDPSD,1309.0
Lisboa,Arruda dos Vinhos,PCPPEV,538.0
Lisboa,Arruda dos Vinhos,CDSPP,275.0
Lisboa,Arruda dos Vinhos,BE,93.0
Lisboa,Arruda dos Vinhos,PCTPMRPP,37.0
Lisboa,Arruda dos Vinhos,PPM,26.0
Lisboa,Arruda dos Vinhos,MPT,15.0
Lisboa,Arruda dos Vinhos,PH,11.0
Lisboa,Arruda dos Vinhos,POUS,8.0
Lisboa,Arruda dos Vinhos,PSN,7.0
Lisboa,Azambuja,PS,5304.0
Lisboa,Azambuja,PPDPSD,2033.0
Lisboa,Azambuja,PCPPEV,1690.0
Lisboa,Azambuja,CDSPP,579.0
Lisboa,Azambuja,BE,276.0
Lisboa,Azambuja,PCTPMRPP,131.0
Lisboa,Azambuja,POUS,37.0
Lisboa,Azambuja,PPM,34.0
Lisboa,Azambuja,MPT,28.0
Lisboa,Azambuja,PSN,27.0
Lisboa,Azambuja,PH,21.0
Lisboa,Cadaval,PS,3182.0
Lisboa,Cadaval,PPDPSD,2305.0
Lisboa,Cadaval,CDSPP,491.0
Lisboa,Cadaval,PCPPEV,274.0
Lisboa,Cadaval,BE,71.0
Lisboa,Cadaval,PCTPMRPP,45.0
Lisboa,Cadaval,PPM,27.0
Lisboa,Cadaval,POUS,22.0
Lisboa,Cadaval,PSN,12.0
Lisboa,Cadaval,PH,11.0
Lisboa,Cadaval,MPT,10.0
Lisboa,Cascais,PS,32881.0
Lisboa,Cascais,PPDPSD,28160.0
Lisboa,Cascais,CDSPP,10115.0
Lisboa,Cascais,PCPPEV,7711.0
Lisboa,Cascais,BE,4246.0
Lisboa,Cascais,MPT,587.0
Lisboa,Cascais,PCTPMRPP,584.0
Lisboa,Cascais,PPM,410.0
Lisboa,Cascais,PH,156.0
Lisboa,Cascais,PSN,140.0
Lisboa,Cascais,POUS,90.0
Lisboa,Lisboa,PS,143679.0
Lisboa,Lisboa,PPDPSD,105184.0
Lisboa,Lisboa,PCPPEV,37797.0
Lisboa,Lisboa,CDSPP,36709.0
Lisboa,Lisboa,BE,21631.0
Lisboa,Lisboa,PCTPMRPP,2736.0
Lisboa,Lisboa,MPT,2293.0
Lisboa,Lisboa,PPM,1663.0
Lisboa,Lisboa,PH,708.0
Lisboa,Lisboa,PSN,534.0
Lisboa,Lisboa,POUS,450.0
Lisboa,Loures,PS,47614.0
Lisboa,Loures,PPDPSD,23225.0
Lisboa,Loures,PCPPEV,17928.0
Lisboa,Loures,CDSPP,6761.0
Lisboa,Loures,BE,4244.0
Lisboa,Loures,PCTPMRPP,1073.0
Lisboa,Loures,MPT,514.0
Lisboa,Loures,PPM,390.0
Lisboa,Loures,PH,195.0
Lisboa,Loures,PSN,183.0
Lisboa,Loures,POUS,132.0
Lisboa,Lourinhã,PPDPSD,5175.0
Lisboa,Lourinhã,PS,4268.0
Lisboa,Lourinhã,CDSPP,1238.0
Lisboa,Lourinhã,PCPPEV,250.0
Lisboa,Lourinhã,BE,216.0
Lisboa,Lourinhã,PPM,76.0
Lisboa,Lourinhã,PCTPMRPP,54.0
Lisboa,Lourinhã,MPT,48.0
Lisboa,Lourinhã,PH,32.0
Lisboa,Lourinhã,PSN,26.0
Lisboa,Lourinhã,POUS,22.0
Lisboa,Mafra,PS,10865.0
Lisboa,Mafra,PPDPSD,8335.0
Lisboa,Mafra,CDSPP,1842.0
Lisboa,Mafra,PCPPEV,1293.0
Lisboa,Mafra,BE,527.0
Lisboa,Mafra,PCTPMRPP,178.0
Lisboa,Mafra,PPM,128.0
Lisboa,Mafra,MPT,99.0
Lisboa,Mafra,PSN,60.0
Lisboa,Mafra,POUS,53.0
Lisboa,Mafra,PH,53.0
Lisboa,Odivelas,PS,33093.0
Lisboa,Odivelas,PPDPSD,18862.0
Lisboa,Odivelas,PCPPEV,8919.0
Lisboa,Odivelas,CDSPP,4943.0
Lisboa,Odivelas,BE,2844.0
Lisboa,Odivelas,PCTPMRPP,627.0
Lisboa,Odivelas,MPT,361.0
Lisboa,Odivelas,PPM,268.0
Lisboa,Odivelas,PH,148.0
Lisboa,Odivelas,POUS,116.0
Lisboa,Odivelas,PSN,103.0
Lisboa,Oeiras,PS,34362.0
Lisboa,Oeiras,PPDPSD,26546.0
Lisboa,Oeiras,PCPPEV,9236.0
Lisboa,Oeiras,CDSPP,8312.0
Lisboa,Oeiras,BE,6026.0
Lisboa,Oeiras,PCTPMRPP,612.0
Lisboa,Oeiras,MPT,540.0
Lisboa,Oeiras,PPM,345.0
Lisboa,Oeiras,PSN,115.0
Lisboa,Oeiras,PH,112.0
Lisboa,Oeiras,POUS,94.0
Lisboa,Sintra,PS,66969.0
Lisboa,Sintra,PPDPSD,37639.0
Lisboa,Sintra,PCPPEV,18640.0
Lisboa,Sintra,CDSPP,11220.0
Lisboa,Sintra,BE,7080.0
Lisboa,Sintra,PCTPMRPP,1300.0
Lisboa,Sintra,MPT,854.0
Lisboa,Sintra,PPM,636.0
Lisboa,Sintra,PH,275.0
Lisboa,Sintra,PSN,267.0
Lisboa,Sintra,POUS,154.0
Lisboa,Sobral de Monte Agraço,PS,1730.0
Lisboa,Sobral de Monte Agraço,PCPPEV,876.0
Lisboa,Sobral de Monte Agraço,PPDPSD,804.0
Lisboa,Sobral de Monte Agraço,CDSPP,246.0
Lisboa,Sobral de Monte Agraço,BE,99.0
Lisboa,Sobral de Monte Agraço,PCTPMRPP,56.0
Lisboa,Sobral de Monte Agraço,PPM,24.0
Lisboa,Sobral de Monte Agraço,PSN,15.0
Lisboa,Sobral de Monte Agraço,MPT,14.0
Lisboa,Sobral de Monte Agraço,PH,13.0
Lisboa,Sobral de Monte Agraço,POUS,12.0
Lisboa,Torres Vedras,PS,15176.0
Lisboa,Torres Vedras,PPDPSD,10967.0
Lisboa,Torres Vedras,PCPPEV,3154.0
Lisboa,Torres Vedras,CDSPP,2617.0
Lisboa,Torres Vedras,BE,880.0
Lisboa,Torres Vedras,PCTPMRPP,287.0
Lisboa,Torres Vedras,PPM,159.0
Lisboa,Torres Vedras,MPT,120.0
Lisboa,Torres Vedras,PSN,72.0
Lisboa,Torres Vedras,PH,66.0
Lisboa,Torres Vedras,POUS,65.0
Lisboa,Vila Franca de Xira,PS,27830.0
Lisboa,Vila Franca de Xira,PCPPEV,12216.0
Lisboa,Vila Franca de Xira,PPDPSD,10785.0
Lisboa,Vila Franca de Xira,CDSPP,3052.0
Lisboa,Vila Franca de Xira,BE,2025.0
Lisboa,Vila Franca de Xira,PCTPMRPP,518.0
Lisboa,Vila Franca de Xira,MPT,202.0
Lisboa,Vila Franca de Xira,PPM,177.0
Lisboa,Vila Franca de Xira,PH,94.0
Lisboa,Vila Franca de Xira,PSN,77.0
Lisboa,Vila Franca de Xira,POUS,58.0
Madeira,Calheta,PPDPSD,3721.0
Madeira,Calheta,CDSPP,1116.0
Madeira,Calheta,PS,949.0
Madeira,Calheta,PCPPEV,58.0
Madeira,Calheta,BE,29.0
Madeira,Calheta,PCTPMRPP,21.0
Madeira,Calheta,PSN,17.0
Madeira,Calheta,MPT,11.0
Madeira,Câmara de Lobos,PPDPSD,7388.0
Madeira,Câmara de Lobos,PS,3136.0
Madeira,Câmara de Lobos,CDSPP,1105.0
Madeira,Câmara de Lobos,PCPPEV,346.0
Madeira,Câmara de Lobos,BE,88.0
Madeira,Câmara de Lobos,PCTPMRPP,66.0
Madeira,Câmara de Lobos,PSN,57.0
Madeira,Câmara de Lobos,MPT,34.0
Madeira,Funchal,PPDPSD,21960.0
Madeira,Funchal,PS,21714.0
Madeira,Funchal,CDSPP,6538.0
Madeira,Funchal,PCPPEV,2145.0
Madeira,Funchal,BE,989.0
Madeira,Funchal,PCTPMRPP,356.0
Madeira,Funchal,PSN,306.0
Madeira,Funchal,MPT,273.0
Madeira,Machico,PS,5279.0
Madeira,Machico,PPDPSD,4046.0
Madeira,Machico,CDSPP,462.0
Madeira,Machico,PCPPEV,243.0
Madeira,Machico,BE,71.0
Madeira,Machico,PCTPMRPP,31.0
Madeira,Machico,PSN,21.0
Madeira,Machico,MPT,21.0
Madeira,Ponta do Sol,PPDPSD,2330.0
Madeira,Ponta do Sol,PS,1130.0
Madeira,Ponta do Sol,CDSPP,525.0
Madeira,Ponta do Sol,PCPPEV,55.0
Madeira,Ponta do Sol,BE,38.0
Madeira,Ponta do Sol,PSN,19.0
Madeira,Ponta do Sol,PCTPMRPP,18.0
Madeira,Ponta do Sol,MPT,16.0
Madeira,Porto Moniz,PPDPSD,1117.0
Madeira,Porto Moniz,PS,679.0
Madeira,Porto Moniz,CDSPP,149.0
Madeira,Porto Moniz,PCTPMRPP,11.0
Madeira,Porto Moniz,PCPPEV,8.0
Madeira,Porto Moniz,BE,8.0
Madeira,Porto Moniz,MPT,2.0
Madeira,Porto Moniz,PSN,1.0
Madeira,Porto Santo,PPDPSD,1163.0
Madeira,Porto Santo,PS,1137.0
Madeira,Porto Santo,CDSPP,133.0
Madeira,Porto Santo,PCPPEV,17.0
Madeira,Porto Santo,BE,14.0
Madeira,Porto Santo,PCTPMRPP,9.0
Madeira,Porto Santo,MPT,7.0
Madeira,Porto Santo,PSN,5.0
Madeira,Ribeira Brava,PPDPSD,4076.0
Madeira,Ribeira Brava,PS,1281.0
Madeira,Ribeira Brava,CDSPP,597.0
Madeira,Ribeira Brava,PCPPEV,92.0
Madeira,Ribeira Brava,BE,74.0
Madeira,Ribeira Brava,PCTPMRPP,29.0
Madeira,Ribeira Brava,PSN,26.0
Madeira,Ribeira Brava,MPT,25.0
Madeira,Santa Cruz,PPDPSD,6060.0
Madeira,Santa Cruz,PS,5053.0
Madeira,Santa Cruz,CDSPP,1486.0
Madeira,Santa Cruz,PCPPEV,361.0
Madeira,Santa Cruz,BE,121.0
Madeira,Santa Cruz,PSN,76.0
Madeira,Santa Cruz,PCTPMRPP,76.0
Madeira,Santa Cruz,MPT,49.0
Madeira,Santana,PPDPSD,2760.0
Madeira,Santana,PS,1306.0
Madeira,Santana,CDSPP,447.0
Madeira,Santana,PCPPEV,58.0
Madeira,Santana,MPT,27.0
Madeira,Santana,PSN,26.0
Madeira,Santana,BE,25.0
Madeira,Santana,PCTPMRPP,23.0
Madeira,São Vicente,PPDPSD,1681.0
Madeira,São Vicente,PS,951.0
Madeira,São Vicente,CDSPP,372.0
Madeira,São Vicente,PCPPEV,41.0
Madeira,São Vicente,BE,23.0
Madeira,São Vicente,PCTPMRPP,17.0
Madeira,São Vicente,PSN,16.0
Madeira,São Vicente,MPT,10.0
Portalegre,Alter do Chão,PS,1100.0
Portalegre,Alter do Chão,PPDPSD,556.0
Portalegre,Alter do Chão,PCPPEV,393.0
Portalegre,Alter do Chão,CDSPP,137.0
Portalegre,Alter do Chão,PCTPMRPP,42.0
Portalegre,Alter do Chão,BE,14.0
Portalegre,Alter do Chão,PPM,10.0
Portalegre,Alter do Chão,PSN,8.0
Portalegre,Alter do Chão,MPT,8.0
Portalegre,Arronches,PS,1081.0
Portalegre,Arronches,PPDPSD,488.0
Portalegre,Arronches,PCPPEV,229.0
Portalegre,Arronches,CDSPP,106.0
Portalegre,Arronches,PCTPMRPP,20.0
Portalegre,Arronches,BE,9.0
Portalegre,Arronches,PPM,7.0
Portalegre,Arronches,MPT,1.0
Portalegre,Arronches,PSN,1.0
Portalegre,Avis,PCPPEV,1429.0
Portalegre,Avis,PS,979.0
Portalegre,Avis,PPDPSD,524.0
Portalegre,Avis,CDSPP,85.0
Portalegre,Avis,BE,37.0
Portalegre,Avis,PCTPMRPP,29.0
Portalegre,Avis,MPT,10.0
Portalegre,Avis,PPM,9.0
Portalegre,Avis,PSN,3.0
Portalegre,Campo Maior,PS,2317.0
Portalegre,Campo Maior,PCPPEV,1065.0
Portalegre,Campo Maior,PPDPSD,551.0
Portalegre,Campo Maior,CDSPP,182.0
Portalegre,Campo Maior,PCTPMRPP,51.0
Portalegre,Campo Maior,BE,50.0
Portalegre,Campo Maior,PPM,5.0
Portalegre,Campo Maior,PSN,4.0
Portalegre,Campo Maior,MPT,3.0
Portalegre,Castelo de Vide,PS,1202.0
Portalegre,Castelo de Vide,PPDPSD,572.0
Portalegre,Castelo de Vide,PCPPEV,168.0
Portalegre,Castelo de Vide,CDSPP,153.0
Portalegre,Castelo de Vide,BE,50.0
Portalegre,Castelo de Vide,PCTPMRPP,29.0
Portalegre,Castelo de Vide,PPM,14.0
Portalegre,Castelo de Vide,MPT,12.0
Portalegre,Castelo de Vide,PSN,7.0
Portalegre,Crato,PS,1385.0
Portalegre,Crato,PPDPSD,481.0
Portalegre,Crato,PCPPEV,480.0
Portalegre,Crato,CDSPP,128.0
Portalegre,Crato,PCTPMRPP,37.0
Portalegre,Crato,BE,28.0
Portalegre,Crato,PPM,22.0
Portalegre,Crato,MPT,8.0
Portalegre,Crato,PSN,3.0
Portalegre,Elvas,PS,7054.0
Portalegre,Elvas,PPDPSD,2180.0
Portalegre,Elvas,CDSPP,868.0
Portalegre,Elvas,PCPPEV,831.0
Portalegre,Elvas,BE,156.0
Portalegre,Elvas,PCTPMRPP,109.0
Portalegre,Elvas,PPM,43.0
Portalegre,Elvas,MPT,35.0
Portalegre,Elvas,PSN,25.0
Portalegre,Fronteira,PS,1205.0
Portalegre,Fronteira,PPDPSD,650.0
Portalegre,Fronteira,PCPPEV,310.0
Portalegre,Fronteira,CDSPP,138.0
Portalegre,Fronteira,BE,29.0
Portalegre,Fronteira,PCTPMRPP,27.0
Portalegre,Fronteira,PPM,12.0
Portalegre,Fronteira,MPT,3.0
Portalegre,Fronteira,PSN,2.0
Portalegre,Gavião,PS,2020.0
Portalegre,Gavião,PPDPSD,556.0
Portalegre,Gavião,PCPPEV,321.0
Portalegre,Gavião,CDSPP,132.0
Portalegre,Gavião,PCTPMRPP,32.0
Portalegre,Gavião,BE,25.0
Portalegre,Gavião,PPM,17.0
Portalegre,Gavião,MPT,7.0
Portalegre,Gavião,PSN,4.0
Portalegre,Marvão,PS,1275.0
Portalegre,Marvão,PPDPSD,683.0
Portalegre,Marvão,CDSPP,189.0
Portalegre,Marvão,PCPPEV,86.0
Portalegre,Marvão,BE,31.0
Portalegre,Marvão,PPM,18.0
Portalegre,Marvão,PCTPMRPP,12.0
Portalegre,Marvão,MPT,8.0
Portalegre,Marvão,PSN,2.0
Portalegre,Monforte,PS,1065.0
Portalegre,Monforte,PCPPEV,338.0
Portalegre,Monforte,PPDPSD,296.0
Portalegre,Monforte,CDSPP,130.0
Portalegre,Monforte,PCTPMRPP,38.0
Portalegre,Monforte,BE,20.0
Portalegre,Monforte,MPT,5.0
Portalegre,Monforte,PPM,4.0
Portalegre,Monforte,PSN,2.0
Portalegre,Nisa,PS,2913.0
Portalegre,Nisa,PPDPSD,1258.0
Portalegre,Nisa,PCPPEV,703.0
Portalegre,Nisa,CDSPP,288.0
Portalegre,Nisa,PCTPMRPP,90.0
Portalegre,Nisa,BE,42.0
Portalegre,Nisa,PPM,26.0
Portalegre,Nisa,PSN,14.0
Portalegre,Nisa,MPT,13.0
Portalegre,Ponte de Sor,PS,4145.0
Portalegre,Ponte de Sor,PCPPEV,2585.0
Portalegre,Ponte de Sor,PPDPSD,1942.0
Portalegre,Ponte de Sor,CDSPP,454.0
Portalegre,Ponte de Sor,PCTPMRPP,132.0
Portalegre,Ponte de Sor,BE,92.0
Portalegre,Ponte de Sor,MPT,40.0
Portalegre,Ponte de Sor,PPM,32.0
Portalegre,Ponte de Sor,PSN,20.0
Portalegre,Portalegre,PS,7378.0
Portalegre,Portalegre,PPDPSD,4294.0
Portalegre,Portalegre,PCPPEV,1140.0
Portalegre,Portalegre,CDSPP,1038.0
Portalegre,Portalegre,BE,275.0
Portalegre,Portalegre,PCTPMRPP,105.0
Portalegre,Portalegre,MPT,50.0
Portalegre,Portalegre,PPM,48.0
Portalegre,Portalegre,PSN,15.0
Portalegre,Sousel,PS,1426.0
Portalegre,Sousel,PPDPSD,1037.0
Portalegre,Sousel,PCPPEV,645.0
Portalegre,Sousel,CDSPP,152.0
Portalegre,Sousel,PCTPMRPP,56.0
Portalegre,Sousel,BE,18.0
Portalegre,Sousel,MPT,16.0
Portalegre,Sousel,PPM,9.0
Portalegre,Sousel,PSN,9.0
Porto,Amarante,PS,15045.0
Porto,Amarante,PPDPSD,9964.0
Porto,Amarante,CDSPP,1423.0
Porto,Amarante,PCPPEV,749.0
Porto,Amarante,BE,442.0
Porto,Amarante,PSN,115.0
Porto,Amarante,PCTPMRPP,97.0
Porto,Amarante,PH,86.0
Porto,Amarante,PPM,82.0
Porto,Amarante,MPT,41.0
Porto,Amarante,POUS,26.0
Porto,Baião,PS,5798.0
Porto,Baião,PPDPSD,3917.0
Porto,Baião,CDSPP,494.0
Porto,Baião,PCPPEV,225.0
Porto,Baião,PSN,64.0
Porto,Baião,PH,46.0
Porto,Baião,BE,44.0
Porto,Baião,PCTPMRPP,41.0
Porto,Baião,PPM,22.0
Porto,Baião,MPT,10.0
Porto,Baião,POUS,7.0
Porto,Felgueiras,PS,14295.0
Porto,Felgueiras,PPDPSD,10172.0
Porto,Felgueiras,CDSPP,1734.0
Porto,Felgueiras,PCPPEV,840.0
Porto,Felgueiras,BE,168.0
Porto,Felgueiras,PCTPMRPP,130.0
Porto,Felgueiras,PSN,111.0
Porto,Felgueiras,PPM,100.0
Porto,Felgueiras,PH,88.0
Porto,Felgueiras,MPT,49.0
Porto,Felgueiras,POUS,30.0
Porto,Gondomar,PS,40386.0
Porto,Gondomar,PPDPSD,25828.0
Porto,Gondomar,PCPPEV,7592.0
Porto,Gondomar,CDSPP,4826.0
Porto,Gondomar,BE,1881.0
Porto,Gondomar,PCTPMRPP,511.0
Porto,Gondomar,PPM,240.0
Porto,Gondomar,PH,182.0
Porto,Gondomar,MPT,172.0
Porto,Gondomar,PSN,151.0
Porto,Gondomar,POUS,82.0
Porto,Lousada,PS,10549.0
Porto,Lousada,PPDPSD,7016.0
Porto,Lousada,CDSPP,1037.0
Porto,Lousada,PCPPEV,645.0
Porto,Lousada,BE,106.0
Porto,Lousada,PCTPMRPP,105.0
Porto,Lousada,PSN,77.0
Porto,Lousada,PPM,71.0
Porto,Lousada,PH,43.0
Porto,Lousada,MPT,26.0
Porto,Lousada,POUS,19.0
Porto,Maia,PS,28672.0
Porto,Maia,PPDPSD,19250.0
Porto,Maia,CDSPP,4043.0
Porto,Maia,PCPPEV,3538.0
Porto,Maia,BE,1561.0
Porto,Maia,PCTPMRPP,299.0
Porto,Maia,PPM,166.0
Porto,Maia,MPT,153.0
Porto,Maia,PH,117.0
Porto,Maia,PSN,99.0
Porto,Maia,POUS,42.0
Porto,Marco de Canaveses,PS,9862.0
Porto,Marco de Canaveses,PPDPSD,7487.0
Porto,Marco de Canaveses,CDSPP,1821.0
Porto,Marco de Canaveses,PCPPEV,588.0
Porto,Marco de Canaveses,BE,178.0
Porto,Marco de Canaveses,PSN,107.0
Porto,Marco de Canaveses,PCTPMRPP,84.0
Porto,Marco de Canaveses,PH,69.0
Porto,Marco de Canaveses,PPM,63.0
Porto,Marco de Canaveses,MPT,34.0
Porto,Marco de Canaveses,POUS,30.0
Porto,Matosinhos,PS,45917.0
Porto,Matosinhos,PPDPSD,22365.0
Porto,Matosinhos,PCPPEV,6511.0
Porto,Matosinhos,CDSPP,5921.0
Porto,Matosinhos,BE,2732.0
Porto,Matosinhos,PCTPMRPP,438.0
Porto,Matosinhos,PPM,229.0
Porto,Matosinhos,MPT,218.0
Porto,Matosinhos,PH,156.0
Porto,Matosinhos,PSN,138.0
Porto,Matosinhos,POUS,44.0
Porto,Paredes,PPDPSD,17031.0
Porto,Paredes,PS,15981.0
Porto,Paredes,CDSPP,3359.0
Porto,Paredes,PCPPEV,1099.0
Porto,Paredes,BE,294.0
Porto,Paredes,PCTPMRPP,152.0
Porto,Paredes,PSN,114.0
Porto,Paredes,PPM,92.0
Porto,Paredes,PH,90.0
Porto,Paredes,MPT,64.0
Porto,Paredes,POUS,24.0
Porto,Paços de Ferreira,PPDPSD,10908.0
Porto,Paços de Ferreira,PS,10559.0
Porto,Paços de Ferreira,CDSPP,1965.0
Porto,Paços de Ferreira,PCPPEV,799.0
Porto,Paços de Ferreira,BE,137.0
Porto,Paços de Ferreira,PPM,105.0
Porto,Paços de Ferreira,PCTPMRPP,99.0
Porto,Paços de Ferreira,PSN,75.0
Porto,Paços de Ferreira,PH,50.0
Porto,Paços de Ferreira,MPT,29.0
Porto,Paços de Ferreira,POUS,23.0
Porto,Penafiel,PS,17335.0
Porto,Penafiel,PPDPSD,11984.0
Porto,Penafiel,CDSPP,2377.0
Porto,Penafiel,PCPPEV,1342.0
Porto,Penafiel,BE,329.0
Porto,Penafiel,PCTPMRPP,193.0
Porto,Penafiel,PPM,119.0
Porto,Penafiel,PSN,118.0
Porto,Penafiel,PH,108.0
Porto,Penafiel,MPT,56.0
Porto,Penafiel,POUS,29.0
Porto,Porto,PS,70050.0
Porto,Porto,PPDPSD,50150.0
Porto,Porto,CDSPP,15840.0
Porto,Porto,PCPPEV,14018.0
Porto,Porto,BE,7153.0
Porto,Porto,PCTPMRPP,676.0
Porto,Porto,PPM,551.0
Porto,Porto,MPT,478.0
Porto,Porto,PH,277.0
Porto,Porto,PSN,182.0
Porto,Porto,POUS,95.0
Porto,Póvoa de Varzim,PPDPSD,12875.0
Porto,Póvoa de Varzim,PS,10946.0
Porto,Póvoa de Varzim,CDSPP,4035.0
Porto,Póvoa de Varzim,PCPPEV,1187.0
Porto,Póvoa de Varzim,BE,529.0
Porto,Póvoa de Varzim,PCTPMRPP,111.0
Porto,Póvoa de Varzim,PPM,75.0
Porto,Póvoa de Varzim,MPT,61.0
Porto,Póvoa de Varzim,PSN,57.0
Porto,Póvoa de Varzim,PH,54.0
Porto,Póvoa de Varzim,POUS,8.0
Porto,Santo Tirso,PS,21678.0
Porto,Santo Tirso,PPDPSD,11956.0
Porto,Santo Tirso,CDSPP,2900.0
Porto,Santo Tirso,PCPPEV,2189.0
Porto,Santo Tirso,BE,459.0
Porto,Santo Tirso,PCTPMRPP,289.0
Porto,Santo Tirso,PPM,143.0
Porto,Santo Tirso,PSN,131.0
Porto,Santo Tirso,PH,103.0
Porto,Santo Tirso,MPT,71.0
Porto,Santo Tirso,POUS,39.0
Porto,Trofa,PS,8518.0
Porto,Trofa,PPDPSD,8124.0
Porto,Trofa,CDSPP,1645.0
Porto,Trofa,PCPPEV,688.0
Porto,Trofa,BE,216.0
Porto,Trofa,PCTPMRPP,81.0
Porto,Trofa,PPM,50.0
Porto,Trofa,PH,45.0
Porto,Trofa,PSN,44.0
Porto,Trofa,MPT,28.0
Porto,Trofa,POUS,9.0
Porto,Valongo,PS,21867.0
Porto,Valongo,PPDPSD,13867.0
Porto,Valongo,PCPPEV,3114.0
Porto,Valongo,CDSPP,2524.0
Porto,Valongo,BE,902.0
Porto,Valongo,PCTPMRPP,254.0
Porto,Valongo,MPT,114.0
Porto,Valongo,PPM,109.0
Porto,Valongo,PSN,85.0
Porto,Valongo,PH,80.0
Porto,Valongo,POUS,28.0
Porto,Vila Nova de Gaia,PS,72247.0
Porto,Vila Nova de Gaia,PPDPSD,44325.0
Porto,Vila Nova de Gaia,PCPPEV,10456.0
Porto,Vila Nova de Gaia,CDSPP,10443.0
Porto,Vila Nova de Gaia,BE,3626.0
Porto,Vila Nova de Gaia,PCTPMRPP,790.0
Porto,Vila Nova de Gaia,PPM,392.0
Porto,Vila Nova de Gaia,MPT,387.0
Porto,Vila Nova de Gaia,PH,331.0
Porto,Vila Nova de Gaia,PSN,215.0
Porto,Vila Nova de Gaia,POUS,92.0
Porto,Vila do Conde,PS,20457.0
Porto,Vila do Conde,PPDPSD,12484.0
Porto,Vila do Conde,CDSPP,2700.0
Porto,Vila do Conde,PCPPEV,1728.0
Porto,Vila do Conde,BE,627.0
Porto,Vila do Conde,PCTPMRPP,192.0
Porto,Vila do Conde,PPM,105.0
Porto,Vila do Conde,PSN,90.0
Porto,Vila do Conde,PH,84.0
Porto,Vila do Conde,MPT,70.0
Porto,Vila do Conde,POUS,23.0
Santarém,Abrantes,PS,12577.0
Santarém,Abrantes,PPDPSD,5701.0
Santarém,Abrantes,PCPPEV,2098.0
Santarém,Abrantes,CDSPP,1606.0
Santarém,Abrantes,BE,578.0
Santarém,Abrantes,PCTPMRPP,322.0
Santarém,Abrantes,MPT,110.0
Santarém,Abrantes,PSN,88.0
Santarém,Alcanena,PS,3562.0
Santarém,Alcanena,PPDPSD,2509.0
Santarém,Alcanena,CDSPP,844.0
Santarém,Alcanena,PCPPEV,809.0
Santarém,Alcanena,BE,116.0
Santarém,Alcanena,PCTPMRPP,86.0
Santarém,Alcanena,MPT,32.0
Santarém,Alcanena,PSN,25.0
Santarém,Almeirim,PS,6332.0
Santarém,Almeirim,PPDPSD,2218.0
Santarém,Almeirim,PCPPEV,1216.0
Santarém,Almeirim,CDSPP,669.0
Santarém,Almeirim,BE,179.0
Santarém,Almeirim,PCTPMRPP,116.0
Santarém,Almeirim,MPT,35.0
Santarém,Almeirim,PSN,17.0
Santarém,Alpiarça,PS,2056.0
Santarém,Alpiarça,PCPPEV,1584.0
Santarém,Alpiarça,PPDPSD,452.0
Santarém,Alpiarça,CDSPP,146.0
Santarém,Alpiarça,PCTPMRPP,77.0
Santarém,Alpiarça,BE,70.0
Santarém,Alpiarça,MPT,9.0
Santarém,Alpiarça,PSN,7.0
Santarém,Benavente,PS,3889.0
Santarém,Benavente,PCPPEV,2096.0
Santarém,Benavente,PPDPSD,1927.0
Santarém,Benavente,CDSPP,805.0
Santarém,Benavente,BE,231.0
Santarém,Benavente,PCTPMRPP,158.0
Santarém,Benavente,MPT,41.0
Santarém,Benavente,PSN,30.0
Santarém,Cartaxo,PS,6507.0
Santarém,Cartaxo,PPDPSD,2622.0
Santarém,Cartaxo,PCPPEV,1379.0
Santarém,Cartaxo,CDSPP,892.0
Santarém,Cartaxo,BE,241.0
Santarém,Cartaxo,PCTPMRPP,164.0
Santarém,Cartaxo,MPT,69.0
Santarém,Cartaxo,PSN,25.0
Santarém,Chamusca,PS,3150.0
Santarém,Chamusca,PCPPEV,1041.0
Santarém,Chamusca,PPDPSD,1004.0
Santarém,Chamusca,CDSPP,363.0
Santarém,Chamusca,PCTPMRPP,96.0
Santarém,Chamusca,BE,88.0
Santarém,Chamusca,MPT,24.0
Santarém,Chamusca,PSN,23.0
Santarém,Constancia,PS,1271.0
Santarém,Constancia,PPDPSD,388.0
Santarém,Constancia,PCPPEV,274.0
Santarém,Constancia,CDSPP,130.0
Santarém,Constancia,PCTPMRPP,33.0
Santarém,Constancia,BE,20.0
Santarém,Constancia,MPT,10.0
Santarém,Constancia,PSN,10.0
Santarém,Coruche,PS,5027.0
Santarém,Coruche,PCPPEV,3004.0
Santarém,Coruche,PPDPSD,2194.0
Santarém,Coruche,CDSPP,742.0
Santarém,Coruche,PCTPMRPP,170.0
Santarém,Coruche,BE,148.0
Santarém,Coruche,MPT,51.0
Santarém,Coruche,PSN,34.0
Santarém,Entroncamento,PS,4749.0
Santarém,Entroncamento,PPDPSD,2306.0
Santarém,Entroncamento,PCPPEV,987.0
Santarém,Entroncamento,CDSPP,739.0
Santarém,Entroncamento,BE,391.0
Santarém,Entroncamento,PCTPMRPP,92.0
Santarém,Entroncamento,MPT,69.0
Santarém,Entroncamento,PSN,23.0
Santarém,Ferreira do Zezere,PPDPSD,2790.0
Santarém,Ferreira do Zezere,PS,1870.0
Santarém,Ferreira do Zezere,CDSPP,456.0
Santarém,Ferreira do Zezere,PCPPEV,94.0
Santarém,Ferreira do Zezere,PCTPMRPP,41.0
Santarém,Ferreira do Zezere,MPT,41.0
Santarém,Ferreira do Zezere,BE,35.0
Santarém,Ferreira do Zezere,PSN,34.0
Santarém,Golegã,PS,1551.0
Santarém,Golegã,PPDPSD,566.0
Santarém,Golegã,PCPPEV,514.0
Santarém,Golegã,CDSPP,223.0
Santarém,Golegã,PCTPMRPP,45.0
Santarém,Golegã,BE,38.0
Santarém,Golegã,PSN,9.0
Santarém,Golegã,MPT,7.0
Santarém,Mação,PS,2740.0
Santarém,Mação,PPDPSD,2640.0
Santarém,Mação,CDSPP,454.0
Santarém,Mação,PCPPEV,214.0
Santarém,Mação,BE,55.0
Santarém,Mação,PCTPMRPP,48.0
Santarém,Mação,PSN,34.0
Santarém,Mação,MPT,19.0
Santarém,Ourém,PPDPSD,13454.0
Santarém,Ourém,PS,5941.0
Santarém,Ourém,CDSPP,2826.0
Santarém,Ourém,PCPPEV,349.0
Santarém,Ourém,BE,211.0
Santarém,Ourém,PSN,97.0
Santarém,Ourém,PCTPMRPP,85.0
Santarém,Ourém,MPT,72.0
Santarém,Rio Maior,PPDPSD,4585.0
Santarém,Rio Maior,PS,4379.0
Santarém,Rio Maior,CDSPP,1148.0
Santarém,Rio Maior,PCPPEV,406.0
Santarém,Rio Maior,BE,146.0
Santarém,Rio Maior,PCTPMRPP,78.0
Santarém,Rio Maior,MPT,42.0
Santarém,Rio Maior,PSN,39.0
Santarém,Salvaterra de Magos,PS,4376.0
Santarém,Salvaterra de Magos,PPDPSD,1644.0
Santarém,Salvaterra de Magos,PCPPEV,1235.0
Santarém,Salvaterra de Magos,CDSPP,521.0
Santarém,Salvaterra de Magos,BE,141.0
Santarém,Salvaterra de Magos,PCTPMRPP,117.0
Santarém,Salvaterra de Magos,MPT,41.0
Santarém,Salvaterra de Magos,PSN,14.0
Santarém,Santarém,PS,16541.0
Santarém,Santarém,PPDPSD,9662.0
Santarém,Santarém,PCPPEV,3424.0
Santarém,Santarém,CDSPP,2845.0
Santarém,Santarém,BE,816.0
Santarém,Santarém,PCTPMRPP,346.0
Santarém,Santarém,MPT,160.0
Santarém,Santarém,PSN,123.0
Santarém,Sardoal,PS,1238.0
Santarém,Sardoal,PPDPSD,1106.0
Santarém,Sardoal,CDSPP,207.0
Santarém,Sardoal,PCPPEV,104.0
Santarém,Sardoal,BE,41.0
Santarém,Sardoal,PCTPMRPP,18.0
Santarém,Sardoal,PSN,14.0
Santarém,Sardoal,MPT,11.0
Santarém,Tomar,PS,10673.0
Santarém,Tomar,PPDPSD,8968.0
Santarém,Tomar,CDSPP,2095.0
Santarém,Tomar,PCPPEV,1246.0
Santarém,Tomar,BE,514.0
Santarém,Tomar,PCTPMRPP,166.0
Santarém,Tomar,MPT,132.0
Santarém,Tomar,PSN,88.0
Santarém,Torres Novas,PS,9702.0
Santarém,Torres Novas,PPDPSD,5569.0
Santarém,Torres Novas,PCPPEV,2084.0
Santarém,Torres Novas,CDSPP,1546.0
Santarém,Torres Novas,BE,636.0
Santarém,Torres Novas,PCTPMRPP,209.0
Santarém,Torres Novas,MPT,124.0
Santarém,Torres Novas,PSN,83.0
Santarém,Vila Nova da Barquinha,PS,2195.0
Santarém,Vila Nova da Barquinha,PPDPSD,947.0
Santarém,Vila Nova da Barquinha,PCPPEV,396.0
Santarém,Vila Nova da Barquinha,CDSPP,302.0
Santarém,Vila Nova da Barquinha,BE,103.0
Santarém,Vila Nova da Barquinha,PCTPMRPP,41.0
Santarém,Vila Nova da Barquinha,PSN,16.0
Santarém,Vila Nova da Barquinha,MPT,14.0
Setúbal,Alcochete,PS,2818.0
Setúbal,Alcochete,PCPPEV,1515.0
Setúbal,Alcochete,PPDPSD,899.0
Setúbal,Alcochete,CDSPP,300.0
Setúbal,Alcochete,BE,144.0
Setúbal,Alcochete,PCTPMRPP,70.0
Setúbal,Alcochete,PPM,33.0
Setúbal,Alcochete,MPT,16.0
Setúbal,Alcochete,PSN,12.0
Setúbal,Alcochete,POUS,10.0
Setúbal,Alcácer do Sal,PS,3872.0
Setúbal,Alcácer do Sal,PCPPEV,2378.0
Setúbal,Alcácer do Sal,PPDPSD,848.0
Setúbal,Alcácer do Sal,CDSPP,268.0
Setúbal,Alcácer do Sal,PCTPMRPP,150.0
Setúbal,Alcácer do Sal,BE,141.0
Setúbal,Alcácer do Sal,PSN,33.0
Setúbal,Alcácer do Sal,PPM,31.0
Setúbal,Alcácer do Sal,MPT,22.0
Setúbal,Alcácer do Sal,POUS,8.0
Setúbal,Almada,PS,38030.0
Setúbal,Almada,PCPPEV,19494.0
Setúbal,Almada,PPDPSD,17555.0
Setúbal,Almada,CDSPP,5465.0
Setúbal,Almada,BE,3826.0
Setúbal,Almada,PCTPMRPP,725.0
Setúbal,Almada,MPT,470.0
Setúbal,Almada,PPM,351.0
Setúbal,Almada,PSN,163.0
Setúbal,Almada,POUS,90.0
Setúbal,Barreiro,PS,18729.0
Setúbal,Barreiro,PCPPEV,15667.0
Setúbal,Barreiro,PPDPSD,6169.0
Setúbal,Barreiro,CDSPP,1930.0
Setúbal,Barreiro,BE,1794.0
Setúbal,Barreiro,PCTPMRPP,432.0
Setúbal,Barreiro,MPT,204.0
Setúbal,Barreiro,PPM,171.0
Setúbal,Barreiro,PSN,68.0
Setúbal,Barreiro,POUS,28.0
Setúbal,Grandola,PS,3624.0
Setúbal,Grandola,PCPPEV,2636.0
Setúbal,Grandola,PPDPSD,1377.0
Setúbal,Grandola,CDSPP,300.0
Setúbal,Grandola,BE,149.0
Setúbal,Grandola,PCTPMRPP,149.0
Setúbal,Grandola,PPM,38.0
Setúbal,Grandola,MPT,24.0
Setúbal,Grandola,PSN,23.0
Setúbal,Grandola,POUS,10.0
Setúbal,Moita,PS,12599.0
Setúbal,Moita,PCPPEV,11162.0
Setúbal,Moita,PPDPSD,4543.0
Setúbal,Moita,CDSPP,1453.0
Setúbal,Moita,BE,1165.0
Setúbal,Moita,PCTPMRPP,425.0
Setúbal,Moita,PPM,148.0
Setúbal,Moita,MPT,137.0
Setúbal,Moita,PSN,88.0
Setúbal,Moita,POUS,30.0
Setúbal,Montijo,PS,8784.0
Setúbal,Montijo,PPDPSD,4077.0
Setúbal,Montijo,PCPPEV,3554.0
Setúbal,Montijo,CDSPP,1285.0
Setúbal,Montijo,BE,478.0
Setúbal,Montijo,PCTPMRPP,243.0
Setúbal,Montijo,PPM,103.0
Setúbal,Montijo,MPT,77.0
Setúbal,Montijo,PSN,32.0
Setúbal,Montijo,POUS,18.0
Setúbal,Palmela,PS,10278.0
Setúbal,Palmela,PCPPEV,5342.0
Setúbal,Palmela,PPDPSD,4106.0
Setúbal,Palmela,CDSPP,1276.0
Setúbal,Palmela,BE,558.0
Setúbal,Palmela,PCTPMRPP,283.0
Setúbal,Palmela,PPM,125.0
Setúbal,Palmela,MPT,102.0
Setúbal,Palmela,PSN,51.0
Setúbal,Palmela,POUS,24.0
Setúbal,Santiago do Cacém,PS,7185.0
Setúbal,Santiago do Cacém,PCPPEV,4010.0
Setúbal,Santiago do Cacém,PPDPSD,3091.0
Setúbal,Santiago do Cacém,CDSPP,858.0
Setúbal,Santiago do Cacém,BE,404.0
Setúbal,Santiago do Cacém,PCTPMRPP,251.0
Setúbal,Santiago do Cacém,PPM,111.0
Setúbal,Santiago do Cacém,MPT,46.0
Setúbal,Santiago do Cacém,PSN,41.0
Setúbal,Santiago do Cacém,POUS,16.0
Setúbal,Seixal,PS,28384.0
Setúbal,Seixal,PCPPEV,15893.0
Setúbal,Seixal,PPDPSD,12434.0
Setúbal,Seixal,CDSPP,3811.0
Setúbal,Seixal,BE,2319.0
Setúbal,Seixal,PCTPMRPP,622.0
Setúbal,Seixal,MPT,308.0
Setúbal,Seixal,PPM,283.0
Setúbal,Seixal,PSN,97.0
Setúbal,Seixal,POUS,66.0
Setúbal,Sesimbra,PS,7703.0
Setúbal,Sesimbra,PPDPSD,3435.0
Setúbal,Sesimbra,PCPPEV,2953.0
Setúbal,Sesimbra,CDSPP,996.0
Setúbal,Sesimbra,BE,469.0
Setúbal,Sesimbra,PCTPMRPP,193.0
Setúbal,Sesimbra,PPM,86.0
Setúbal,Sesimbra,MPT,57.0
Setúbal,Sesimbra,PSN,46.0
Setúbal,Sesimbra,POUS,25.0
Setúbal,Setúbal,PS,25393.0
Setúbal,Setúbal,PPDPSD,10841.0
Setúbal,Setúbal,PCPPEV,10601.0
Setúbal,Setúbal,CDSPP,3737.0
Setúbal,Setúbal,BE,2147.0
Setúbal,Setúbal,PCTPMRPP,526.0
Setúbal,Setúbal,PPM,277.0
Setúbal,Setúbal,MPT,225.0
Setúbal,Setúbal,PSN,119.0
Setúbal,Setúbal,POUS,47.0
Setúbal,Sines,PS,2794.0
Setúbal,Sines,PCPPEV,1500.0
Setúbal,Sines,PPDPSD,965.0
Setúbal,Sines,CDSPP,290.0
Setúbal,Sines,BE,191.0
Setúbal,Sines,PCTPMRPP,92.0
Setúbal,Sines,MPT,23.0
Setúbal,Sines,PPM,23.0
Setúbal,Sines,POUS,11.0
Setúbal,Sines,PSN,9.0
Viana do Castelo,Arcos de Valdevez,PPDPSD,6689.0
Viana do Castelo,Arcos de Valdevez,PS,4819.0
Viana do Castelo,Arcos de Valdevez,CDSPP,999.0
Viana do Castelo,Arcos de Valdevez,PCPPEV,270.0
Viana do Castelo,Arcos de Valdevez,BE,82.0
Viana do Castelo,Arcos de Valdevez,PPM,63.0
Viana do Castelo,Arcos de Valdevez,MPT,57.0
Viana do Castelo,Arcos de Valdevez,PSN,56.0
Viana do Castelo,Arcos de Valdevez,PCTPMRPP,43.0
Viana do Castelo,Arcos de Valdevez,PH,43.0
Viana do Castelo,Caminha,PS,4509.0
Viana do Castelo,Caminha,PPDPSD,3088.0
Viana do Castelo,Caminha,CDSPP,705.0
Viana do Castelo,Caminha,PCPPEV,681.0
Viana do Castelo,Caminha,BE,163.0
Viana do Castelo,Caminha,PCTPMRPP,90.0
Viana do Castelo,Caminha,MPT,45.0
Viana do Castelo,Caminha,PPM,36.0
Viana do Castelo,Caminha,PH,21.0
Viana do Castelo,Caminha,PSN,19.0
Viana do Castelo,Melgaço,PS,2810.0
Viana do Castelo,Melgaço,PPDPSD,1718.0
Viana do Castelo,Melgaço,CDSPP,357.0
Viana do Castelo,Melgaço,PCPPEV,80.0
Viana do Castelo,Melgaço,BE,47.0
Viana do Castelo,Melgaço,PSN,27.0
Viana do Castelo,Melgaço,PCTPMRPP,25.0
Viana do Castelo,Melgaço,PPM,22.0
Viana do Castelo,Melgaço,PH,18.0
Viana do Castelo,Melgaço,MPT,13.0
Viana do Castelo,Monção,PS,4235.0
Viana do Castelo,Monção,PPDPSD,3873.0
Viana do Castelo,Monção,CDSPP,1626.0
Viana do Castelo,Monção,PCPPEV,173.0
Viana do Castelo,Monção,BE,106.0
Viana do Castelo,Monção,PPM,49.0
Viana do Castelo,Monção,PSN,45.0
Viana do Castelo,Monção,PH,43.0
Viana do Castelo,Monção,PCTPMRPP,39.0
Viana do Castelo,Monção,MPT,31.0
Viana do Castelo,Paredes de Coura,PS,2734.0
Viana do Castelo,Paredes de Coura,PPDPSD,1608.0
Viana do Castelo,Paredes de Coura,CDSPP,334.0
Viana do Castelo,Paredes de Coura,PCPPEV,155.0
Viana do Castelo,Paredes de Coura,BE,60.0
Viana do Castelo,Paredes de Coura,PSN,29.0
Viana do Castelo,Paredes de Coura,MPT,28.0
Viana do Castelo,Paredes de Coura,PPM,24.0
Viana do Castelo,Paredes de Coura,PCTPMRPP,23.0
Viana do Castelo,Paredes de Coura,PH,19.0
Viana do Castelo,Ponte da Barca,PPDPSD,3234.0
Viana do Castelo,Ponte da Barca,PS,3105.0
Viana do Castelo,Ponte da Barca,CDSPP,543.0
Viana do Castelo,Ponte da Barca,PCPPEV,142.0
Viana do Castelo,Ponte da Barca,BE,47.0
Viana do Castelo,Ponte da Barca,PPM,28.0
Viana do Castelo,Ponte da Barca,PSN,27.0
Viana do Castelo,Ponte da Barca,PCTPMRPP,19.0
Viana do Castelo,Ponte da Barca,MPT,17.0
Viana do Castelo,Ponte da Barca,PH,9.0
Viana do Castelo,Ponte de Lima,PPDPSD,9210.0
Viana do Castelo,Ponte de Lima,CDSPP,8004.0
Viana do Castelo,Ponte de Lima,PS,6451.0
Viana do Castelo,Ponte de Lima,PCPPEV,733.0
Viana do Castelo,Ponte de Lima,BE,127.0
Viana do Castelo,Ponte de Lima,PCTPMRPP,87.0
Viana do Castelo,Ponte de Lima,PSN,82.0
Viana do Castelo,Ponte de Lima,PPM,82.0
Viana do Castelo,Ponte de Lima,PH,72.0
Viana do Castelo,Ponte de Lima,MPT,54.0
Viana do Castelo,Valença,PS,3099.0
Viana do Castelo,Valença,PPDPSD,2668.0
Viana do Castelo,Valença,CDSPP,763.0
Viana do Castelo,Valença,PCPPEV,161.0
Viana do Castelo,Valença,BE,46.0
Viana do Castelo,Valença,PCTPMRPP,31.0
Viana do Castelo,Valença,PSN,26.0
Viana do Castelo,Valença,PPM,26.0
Viana do Castelo,Valença,MPT,23.0
Viana do Castelo,Valença,PH,21.0
Viana do Castelo,Viana do Castelo,PS,20715.0
Viana do Castelo,Viana do Castelo,PPDPSD,15165.0
Viana do Castelo,Viana do Castelo,CDSPP,5507.0
Viana do Castelo,Viana do Castelo,PCPPEV,4353.0
Viana do Castelo,Viana do Castelo,BE,953.0
Viana do Castelo,Viana do Castelo,PCTPMRPP,352.0
Viana do Castelo,Viana do Castelo,PPM,296.0
Viana do Castelo,Viana do Castelo,MPT,163.0
Viana do Castelo,Viana do Castelo,PSN,120.0
Viana do Castelo,Viana do Castelo,PH,95.0
Viana do Castelo,Vila Nova de Cerveira,PS,2655.0
Viana do Castelo,Vila Nova de Cerveira,PPDPSD,1790.0
Viana do Castelo,Vila Nova de Cerveira,CDSPP,401.0
Viana do Castelo,Vila Nova de Cerveira,PCPPEV,129.0
Viana do Castelo,Vila Nova de Cerveira,BE,56.0
Viana do Castelo,Vila Nova de Cerveira,PCTPMRPP,19.0
Viana do Castelo,Vila Nova de Cerveira,PPM,18.0
Viana do Castelo,Vila Nova de Cerveira,PSN,17.0
Viana do Castelo,Vila Nova de Cerveira,PH,17.0
Viana do Castelo,Vila Nova de Cerveira,MPT,17.0
Vila Real,Alijó,PS,3209.0
Vila Real,Alijó,PPDPSD,3193.0
Vila Real,Alijó,CDSPP,555.0
Vila Real,Alijó,PCPPEV,173.0
Vila Real,Alijó,BE,69.0
Vila Real,Alijó,PPM,44.0
Vila Real,Alijó,PCTPMRPP,42.0
Vila Real,Alijó,PSN,27.0
Vila Real,Alijó,MPT,15.0
Vila Real,Boticas,PPDPSD,2371.0
Vila Real,Boticas,PS,1353.0
Vila Real,Boticas,CDSPP,149.0
Vila Real,Boticas,PCPPEV,81.0
Vila Real,Boticas,PSN,24.0
Vila Real,Boticas,PCTPMRPP,18.0
Vila Real,Boticas,MPT,18.0
Vila Real,Boticas,BE,12.0
Vila Real,Boticas,PPM,11.0
Vila Real,Chaves,PPDPSD,11353.0
Vila Real,Chaves,PS,9695.0
Vila Real,Chaves,CDSPP,1473.0
Vila Real,Chaves,PCPPEV,583.0
Vila Real,Chaves,BE,203.0
Vila Real,Chaves,PCTPMRPP,125.0
Vila Real,Chaves,PPM,123.0
Vila Real,Chaves,PSN,94.0
Vila Real,Chaves,MPT,39.0
Vila Real,Mesão Frio,PS,1211.0
Vila Real,Mesão Frio,PPDPSD,1135.0
Vila Real,Mesão Frio,CDSPP,217.0
Vila Real,Mesão Frio,PCPPEV,53.0
Vila Real,Mesão Frio,PCTPMRPP,22.0
Vila Real,Mesão Frio,BE,18.0
Vila Real,Mesão Frio,PPM,15.0
Vila Real,Mesão Frio,MPT,8.0
Vila Real,Mesão Frio,PSN,4.0
Vila Real,Mondim de Basto,PPDPSD,1890.0
Vila Real,Mondim de Basto,PS,1336.0
Vila Real,Mondim de Basto,CDSPP,663.0
Vila Real,Mondim de Basto,PCPPEV,70.0
Vila Real,Mondim de Basto,PSN,56.0
Vila Real,Mondim de Basto,BE,30.0
Vila Real,Mondim de Basto,PCTPMRPP,29.0
Vila Real,Mondim de Basto,PPM,25.0
Vila Real,Mondim de Basto,MPT,5.0
Vila Real,Montalegre,PS,3933.0
Vila Real,Montalegre,PPDPSD,3490.0
Vila Real,Montalegre,CDSPP,290.0
Vila Real,Montalegre,PCPPEV,136.0
Vila Real,Montalegre,PPM,54.0
Vila Real,Montalegre,PSN,46.0
Vila Real,Montalegre,PCTPMRPP,34.0
Vila Real,Montalegre,BE,28.0
Vila Real,Montalegre,MPT,21.0
Vila Real,Murça,PPDPSD,1858.0
Vila Real,Murça,PS,1486.0
Vila Real,Murça,CDSPP,410.0
Vila Real,Murça,PCPPEV,55.0
Vila Real,Murça,BE,29.0
Vila Real,Murça,PPM,21.0
Vila Real,Murça,PCTPMRPP,18.0
Vila Real,Murça,PSN,18.0
Vila Real,Murça,MPT,9.0
Vila Real,Peso da Régua,PS,4595.0
Vila Real,Peso da Régua,PPDPSD,2914.0
Vila Real,Peso da Régua,CDSPP,825.0
Vila Real,Peso da Régua,PCPPEV,348.0
Vila Real,Peso da Régua,BE,98.0
Vila Real,Peso da Régua,PCTPMRPP,66.0
Vila Real,Peso da Régua,PPM,62.0
Vila Real,Peso da Régua,MPT,21.0
Vila Real,Peso da Régua,PSN,18.0
Vila Real,Ribeira de Pena,PPDPSD,1953.0
Vila Real,Ribeira de Pena,PS,1825.0
Vila Real,Ribeira de Pena,CDSPP,203.0
Vila Real,Ribeira de Pena,PCPPEV,46.0
Vila Real,Ribeira de Pena,PPM,29.0
Vila Real,Ribeira de Pena,PSN,24.0
Vila Real,Ribeira de Pena,PCTPMRPP,20.0
Vila Real,Ribeira de Pena,BE,13.0
Vila Real,Ribeira de Pena,MPT,10.0
Vila Real,Sabrosa,PPDPSD,1972.0
Vila Real,Sabrosa,PS,1714.0
Vila Real,Sabrosa,CDSPP,257.0
Vila Real,Sabrosa,PCPPEV,92.0
Vila Real,Sabrosa,PPM,21.0
Vila Real,Sabrosa,PCTPMRPP,20.0
Vila Real,Sabrosa,BE,19.0
Vila Real,Sabrosa,PSN,17.0
Vila Real,Sabrosa,MPT,10.0
Vila Real,Sta Marta de Penaguião,PS,2779.0
Vila Real,Sta Marta de Penaguião,PPDPSD,2055.0
Vila Real,Sta Marta de Penaguião,CDSPP,233.0
Vila Real,Sta Marta de Penaguião,PCPPEV,88.0
Vila Real,Sta Marta de Penaguião,BE,29.0
Vila Real,Sta Marta de Penaguião,PCTPMRPP,25.0
Vila Real,Sta Marta de Penaguião,PPM,19.0
Vila Real,Sta Marta de Penaguião,MPT,15.0
Vila Real,Sta Marta de Penaguião,PSN,10.0
Vila Real,Valpaços,PPDPSD,7169.0
Vila Real,Valpaços,PS,2761.0
Vila Real,Valpaços,CDSPP,675.0
Vila Real,Valpaços,PCPPEV,90.0
Vila Real,Valpaços,PSN,46.0
Vila Real,Valpaços,PPM,44.0
Vila Real,Valpaços,BE,36.0
Vila Real,Valpaços,PCTPMRPP,34.0
Vila Real,Valpaços,MPT,16.0
Vila Real,Vila Pouca de Aguiar,PPDPSD,3520.0
Vila Real,Vila Pouca de Aguiar,PS,3432.0
Vila Real,Vila Pouca de Aguiar,CDSPP,570.0
Vila Real,Vila Pouca de Aguiar,PCPPEV,245.0
Vila Real,Vila Pouca de Aguiar,PCTPMRPP,67.0
Vila Real,Vila Pouca de Aguiar,BE,60.0
Vila Real,Vila Pouca de Aguiar,PPM,51.0
Vila Real,Vila Pouca de Aguiar,PSN,33.0
Vila Real,Vila Pouca de Aguiar,MPT,20.0
Vila Real,Vila Real,PPDPSD,11634.0
Vila Real,Vila Real,PS,11362.0
Vila Real,Vila Real,CDSPP,2079.0
Vila Real,Vila Real,PCPPEV,932.0
Vila Real,Vila Real,BE,351.0
Vila Real,Vila Real,PPM,139.0
Vila Real,Vila Real,PCTPMRPP,136.0
Vila Real,Vila Real,MPT,89.0
Vila Real,Vila Real,PSN,87.0
Viseu,Armamar,PPDPSD,2422.0
Viseu,Armamar,PS,1195.0
Viseu,Armamar,CDSPP,393.0
Viseu,Armamar,PCPPEV,104.0
Viseu,Armamar,BE,33.0
Viseu,Armamar,PCTPMRPP,26.0
Viseu,Armamar,PPM,15.0
Viseu,Armamar,PH,14.0
Viseu,Armamar,PSN,14.0
Viseu,Armamar,MPT,3.0
Viseu,Carregal do Sal,PPDPSD,2557.0
Viseu,Carregal do Sal,PS,1989.0
Viseu,Carregal do Sal,CDSPP,463.0
Viseu,Carregal do Sal,PCPPEV,98.0
Viseu,Carregal do Sal,BE,48.0
Viseu,Carregal do Sal,PCTPMRPP,30.0
Viseu,Carregal do Sal,MPT,13.0
Viseu,Carregal do Sal,PPM,9.0
Viseu,Carregal do Sal,PH,9.0
Viseu,Carregal do Sal,PSN,9.0
Viseu,Castro Daire,PPDPSD,4424.0
Viseu,Castro Daire,PS,3075.0
Viseu,Castro Daire,CDSPP,819.0
Viseu,Castro Daire,PCPPEV,115.0
Viseu,Castro Daire,BE,61.0
Viseu,Castro Daire,PCTPMRPP,46.0
Viseu,Castro Daire,PSN,42.0
Viseu,Castro Daire,PH,29.0
Viseu,Castro Daire,PPM,23.0
Viseu,Castro Daire,MPT,16.0
Viseu,Cinfães,PS,4563.0
Viseu,Cinfães,PPDPSD,3477.0
Viseu,Cinfães,CDSPP,782.0
Viseu,Cinfães,PCPPEV,220.0
Viseu,Cinfães,PSN,64.0
Viseu,Cinfães,PCTPMRPP,61.0
Viseu,Cinfães,BE,50.0
Viseu,Cinfães,PH,44.0
Viseu,Cinfães,PPM,38.0
Viseu,Cinfães,MPT,26.0
Viseu,Lamego,PS,6521.0
Viseu,Lamego,PPDPSD,5713.0
Viseu,Lamego,CDSPP,1493.0
Viseu,Lamego,PCPPEV,475.0
Viseu,Lamego,BE,170.0
Viseu,Lamego,PCTPMRPP,91.0
Viseu,Lamego,PPM,42.0
Viseu,Lamego,PH,35.0
Viseu,Lamego,MPT,34.0
Viseu,Lamego,PSN,31.0
Viseu,Mangualde,PPDPSD,4692.0
Viseu,Mangualde,PS,4323.0
Viseu,Mangualde,CDSPP,939.0
Viseu,Mangualde,PCPPEV,242.0
Viseu,Mangualde,BE,116.0
Viseu,Mangualde,PCTPMRPP,51.0
Viseu,Mangualde,PPM,43.0
Viseu,Mangualde,PSN,27.0
Viseu,Mangualde,PH,22.0
Viseu,Mangualde,MPT,21.0
Viseu,Moimenta da Beira,PPDPSD,2418.0
Viseu,Moimenta da Beira,PS,2187.0
Viseu,Moimenta da Beira,CDSPP,781.0
Viseu,Moimenta da Beira,PCPPEV,141.0
Viseu,Moimenta da Beira,BE,48.0
Viseu,Moimenta da Beira,PH,25.0
Viseu,Moimenta da Beira,PCTPMRPP,25.0
Viseu,Moimenta da Beira,PSN,21.0
Viseu,Moimenta da Beira,PPM,16.0
Viseu,Moimenta da Beira,MPT,15.0
Viseu,Mortágua,PPDPSD,2293.0
Viseu,Mortágua,PS,2224.0
Viseu,Mortágua,CDSPP,289.0
Viseu,Mortágua,PCPPEV,135.0
Viseu,Mortágua,BE,68.0
Viseu,Mortágua,PPM,23.0
Viseu,Mortágua,PCTPMRPP,20.0
Viseu,Mortágua,PH,18.0
Viseu,Mortágua,MPT,17.0
Viseu,Mortágua,PSN,11.0
Viseu,Nelas,PS,2426.0
Viseu,Nelas,PPDPSD,2290.0
Viseu,Nelas,CDSPP,471.0
Viseu,Nelas,PCPPEV,106.0
Viseu,Nelas,BE,55.0
Viseu,Nelas,PCTPMRPP,23.0
Viseu,Nelas,PPM,18.0
Viseu,Nelas,PSN,10.0
Viseu,Nelas,MPT,10.0
Viseu,Nelas,PH,10.0
Viseu,Oliveira de Frades,PPDPSD,2695.0
Viseu,Oliveira de Frades,PS,1699.0
Viseu,Oliveira de Frades,CDSPP,723.0
Viseu,Oliveira de Frades,PCPPEV,106.0
Viseu,Oliveira de Frades,BE,42.0
Viseu,Oliveira de Frades,PCTPMRPP,30.0
Viseu,Oliveira de Frades,PH,25.0
Viseu,Oliveira de Frades,PPM,20.0
Viseu,Oliveira de Frades,PSN,12.0
Viseu,Oliveira de Frades,MPT,9.0
Viseu,Penalva do Castelo,PPDPSD,2171.0
Viseu,Penalva do Castelo,PS,1794.0
Viseu,Penalva do Castelo,CDSPP,472.0
Viseu,Penalva do Castelo,PCPPEV,90.0
Viseu,Penalva do Castelo,PCTPMRPP,30.0
Viseu,Penalva do Castelo,BE,25.0
Viseu,Penalva do Castelo,PPM,24.0
Viseu,Penalva do Castelo,PH,21.0
Viseu,Penalva do Castelo,PSN,19.0
Viseu,Penalva do Castelo,MPT,11.0
Viseu,Penedono,PPDPSD,819.0
Viseu,Penedono,PS,699.0
Viseu,Penedono,CDSPP,121.0
Viseu,Penedono,PCPPEV,49.0
Viseu,Penedono,PCTPMRPP,18.0
Viseu,Penedono,BE,14.0
Viseu,Penedono,PH,10.0
Viseu,Penedono,PSN,9.0
Viseu,Penedono,PPM,6.0
Viseu,Penedono,MPT,3.0
Viseu,Resende,PS,3175.0
Viseu,Resende,PPDPSD,2856.0
Viseu,Resende,CDSPP,454.0
Viseu,Resende,PCPPEV,102.0
Viseu,Resende,BE,39.0
Viseu,Resende,PCTPMRPP,32.0
Viseu,Resende,PH,24.0
Viseu,Resende,PSN,20.0
Viseu,Resende,MPT,19.0
Viseu,Resende,PPM,18.0
Viseu,Santa Comba Dão,PPDPSD,3157.0
Viseu,Santa Comba Dão,PS,2691.0
Viseu,Santa Comba Dão,CDSPP,554.0
Viseu,Santa Comba Dão,PCPPEV,106.0
Viseu,Santa Comba Dão,BE,103.0
Viseu,Santa Comba Dão,PCTPMRPP,28.0
Viseu,Santa Comba Dão,MPT,22.0
Viseu,Santa Comba Dão,PPM,17.0
Viseu,Santa Comba Dão,PSN,17.0
Viseu,Santa Comba Dão,PH,16.0
Viseu,Satão,PPDPSD,3335.0
Viseu,Satão,PS,2168.0
Viseu,Satão,CDSPP,1063.0
Viseu,Satão,PCPPEV,52.0
Viseu,Satão,BE,47.0
Viseu,Satão,PH,27.0
Viseu,Satão,PSN,21.0
Viseu,Satão,MPT,17.0
Viseu,Satão,PCTPMRPP,17.0
Viseu,Satão,PPM,17.0
Viseu,Sernancelhe,PPDPSD,1556.0
Viseu,Sernancelhe,PS,1173.0
Viseu,Sernancelhe,CDSPP,652.0
Viseu,Sernancelhe,PCPPEV,31.0
Viseu,Sernancelhe,BE,18.0
Viseu,Sernancelhe,PSN,15.0
Viseu,Sernancelhe,PCTPMRPP,14.0
Viseu,Sernancelhe,PPM,10.0
Viseu,Sernancelhe,PH,9.0
Viseu,Sernancelhe,MPT,5.0
Viseu,São João da Pesqueira,PPDPSD,1659.0
Viseu,São João da Pesqueira,PS,1566.0
Viseu,São João da Pesqueira,CDSPP,316.0
Viseu,São João da Pesqueira,PCPPEV,90.0
Viseu,São João da Pesqueira,PCTPMRPP,36.0
Viseu,São João da Pesqueira,BE,22.0
Viseu,São João da Pesqueira,PSN,21.0
Viseu,São João da Pesqueira,PH,19.0
Viseu,São João da Pesqueira,MPT,13.0
Viseu,São João da Pesqueira,PPM,11.0
Viseu,São Pedro do Sul,PS,4294.0
Viseu,São Pedro do Sul,PPDPSD,4040.0
Viseu,São Pedro do Sul,CDSPP,832.0
Viseu,São Pedro do Sul,PCPPEV,390.0
Viseu,São Pedro do Sul,BE,87.0
Viseu,São Pedro do Sul,PCTPMRPP,66.0
Viseu,São Pedro do Sul,PPM,39.0
Viseu,São Pedro do Sul,PH,34.0
Viseu,São Pedro do Sul,PSN,32.0
Viseu,São Pedro do Sul,MPT,20.0
Viseu,Tabuaço,PPDPSD,1651.0
Viseu,Tabuaço,PS,1316.0
Viseu,Tabuaço,CDSPP,621.0
Viseu,Tabuaço,PCPPEV,44.0
Viseu,Tabuaço,PSN,31.0
Viseu,Tabuaço,PCTPMRPP,21.0
Viseu,Tabuaço,BE,20.0
Viseu,Tabuaço,MPT,12.0
Viseu,Tabuaço,PH,10.0
Viseu,Tabuaço,PPM,9.0
Viseu,Tarouca,PS,1645.0
Viseu,Tarouca,PPDPSD,1433.0
Viseu,Tarouca,CDSPP,353.0
Viseu,Tarouca,PCPPEV,94.0
Viseu,Tarouca,PCTPMRPP,26.0
Viseu,Tarouca,BE,22.0
Viseu,Tarouca,PH,16.0
Viseu,Tarouca,PSN,16.0
Viseu,Tarouca,PPM,13.0
Viseu,Tarouca,MPT,5.0
Viseu,Tondela,PPDPSD,8734.0
Viseu,Tondela,PS,5901.0
Viseu,Tondela,CDSPP,2057.0
Viseu,Tondela,PCPPEV,336.0
Viseu,Tondela,BE,197.0
Viseu,Tondela,PCTPMRPP,71.0
Viseu,Tondela,PSN,57.0
Viseu,Tondela,PPM,52.0
Viseu,Tondela,PH,52.0
Viseu,Tondela,MPT,31.0
Viseu,Vila Nova de Paiva,PPDPSD,1232.0
Viseu,Vila Nova de Paiva,PS,1027.0
Viseu,Vila Nova de Paiva,CDSPP,596.0
Viseu,Vila Nova de Paiva,PCPPEV,37.0
Viseu,Vila Nova de Paiva,BE,27.0
Viseu,Vila Nova de Paiva,PCTPMRPP,18.0
Viseu,Vila Nova de Paiva,PSN,14.0
Viseu,Vila Nova de Paiva,PPM,13.0
Viseu,Vila Nova de Paiva,PH,5.0
Viseu,Vila Nova de Paiva,MPT,4.0
Viseu,Viseu,PPDPSD,21431.0
Viseu,Viseu,PS,17908.0
Viseu,Viseu,CDSPP,5441.0
Viseu,Viseu,PCPPEV,1143.0
Viseu,Viseu,BE,1012.0
Viseu,Viseu,PCTPMRPP,170.0
Viseu,Viseu,PPM,150.0
Viseu,Viseu,PSN,118.0
Viseu,Viseu,PH,113.0
Viseu,Viseu,MPT,108.0
Viseu,Vouzela,PPDPSD,3061.0
Viseu,Vouzela,PS,2250.0
Viseu,Vouzela,CDSPP,609.0
Viseu,Vouzela,PCPPEV,164.0
Viseu,Vouzela,BE,75.0
Viseu,Vouzela,PCTPMRPP,44.0
Viseu,Vouzela,PH,20.0
Viseu,Vouzela,PSN,17.0
Viseu,Vouzela,PPM,12.0
Viseu,Vouzela,MPT,11.0
'Évora',Alandroal,PS,1679.0
'Évora',Alandroal,PCPPEV,1176.0
'Évora',Alandroal,PPDPSD,458.0
'Évora',Alandroal,CDSPP,130.0
'Évora',Alandroal,PCTPMRPP,90.0
'Évora',Alandroal,BE,20.0
'Évora',Alandroal,PSN,13.0
'Évora',Alandroal,PPM,12.0
'Évora',Alandroal,MPT,11.0
'Évora',Arraiolos,PCPPEV,1739.0
'Évora',Arraiolos,PS,1647.0
'Évora',Arraiolos,PPDPSD,666.0
'Évora',Arraiolos,CDSPP,136.0
'Évora',Arraiolos,PCTPMRPP,82.0
'Évora',Arraiolos,BE,54.0
'Évora',Arraiolos,PPM,16.0
'Évora',Arraiolos,PSN,7.0
'Évora',Arraiolos,MPT,6.0
'Évora',Borba,PS,2559.0
'Évora',Borba,PCPPEV,803.0
'Évora',Borba,PPDPSD,696.0
'Évora',Borba,CDSPP,156.0
'Évora',Borba,PCTPMRPP,98.0
'Évora',Borba,BE,49.0
'Évora',Borba,PPM,19.0
'Évora',Borba,PSN,10.0
'Évora',Borba,MPT,10.0
'Évora',Estremoz,PS,4059.0
'Évora',Estremoz,PPDPSD,2129.0
'Évora',Estremoz,PCPPEV,1331.0
'Évora',Estremoz,CDSPP,524.0
'Évora',Estremoz,PCTPMRPP,141.0
'Évora',Estremoz,BE,117.0
'Évora',Estremoz,PPM,31.0
'Évora',Estremoz,MPT,23.0
'Évora',Estremoz,PSN,23.0
'Évora',Montemor-o-Novo,PCPPEV,4156.0
'Évora',Montemor-o-Novo,PS,4112.0
'Évora',Montemor-o-Novo,PPDPSD,1654.0
'Évora',Montemor-o-Novo,CDSPP,422.0
'Évora',Montemor-o-Novo,PCTPMRPP,225.0
'Évora',Montemor-o-Novo,BE,120.0
'Évora',Montemor-o-Novo,MPT,35.0
'Évora',Montemor-o-Novo,PPM,32.0
'Évora',Montemor-o-Novo,PSN,25.0
'Évora',Mora,PS,1254.0
'Évora',Mora,PCPPEV,1187.0
'Évora',Mora,PPDPSD,693.0
'Évora',Mora,CDSPP,133.0
'Évora',Mora,PCTPMRPP,77.0
'Évora',Mora,BE,34.0
'Évora',Mora,MPT,20.0
'Évora',Mora,PSN,11.0
'Évora',Mora,PPM,8.0
'Évora',Mourão,PS,986.0
'Évora',Mourão,PPDPSD,371.0
'Évora',Mourão,PCPPEV,133.0
'Évora',Mourão,CDSPP,82.0
'Évora',Mourão,PCTPMRPP,17.0
'Évora',Mourão,BE,12.0
'Évora',Mourão,PSN,5.0
'Évora',Mourão,PPM,3.0
'Évora',Mourão,MPT,2.0
'Évora',Portel,PS,1642.0
'Évora',Portel,PCPPEV,1410.0
'Évora',Portel,PPDPSD,407.0
'Évora',Portel,PCTPMRPP,98.0
'Évora',Portel,CDSPP,66.0
'Évora',Portel,BE,20.0
'Évora',Portel,PPM,19.0
'Évora',Portel,PSN,8.0
'Évora',Portel,MPT,8.0
'Évora',Redondo,PS,1622.0
'Évora',Redondo,PCPPEV,869.0
'Évora',Redondo,PPDPSD,604.0
'Évora',Redondo,CDSPP,199.0
'Évora',Redondo,PCTPMRPP,91.0
'Évora',Redondo,BE,61.0
'Évora',Redondo,PPM,23.0
'Évora',Redondo,MPT,10.0
'Évora',Redondo,PSN,7.0
'Évora',Reguengos de Monsaraz,PS,3156.0
'Évora',Reguengos de Monsaraz,PPDPSD,1034.0
'Évora',Reguengos de Monsaraz,PCPPEV,698.0
'Évora',Reguengos de Monsaraz,CDSPP,216.0
'Évora',Reguengos de Monsaraz,PCTPMRPP,85.0
'Évora',Reguengos de Monsaraz,BE,59.0
'Évora',Reguengos de Monsaraz,PPM,37.0
'Évora',Reguengos de Monsaraz,MPT,9.0
'Évora',Reguengos de Monsaraz,PSN,8.0
'Évora',Vendas Novas,PS,2295.0
'Évora',Vendas Novas,PCPPEV,1896.0
'Évora',Vendas Novas,PPDPSD,1369.0
'Évora',Vendas Novas,CDSPP,349.0
'Évora',Vendas Novas,PCTPMRPP,96.0
'Évora',Vendas Novas,BE,79.0
'Évora',Vendas Novas,PPM,31.0
'Évora',Vendas Novas,MPT,27.0
'Évora',Vendas Novas,PSN,6.0
'Évora',Viana do Alentejo,PS,1130.0
'Évora',Viana do Alentejo,PCPPEV,930.0
'Évora',Viana do Alentejo,PPDPSD,399.0
'Évora',Viana do Alentejo,CDSPP,102.0
'Évora',Viana do Alentejo,PCTPMRPP,82.0
'Évora',Viana do Alentejo,BE,31.0
'Évora',Viana do Alentejo,PPM,17.0
'Évora',Viana do Alentejo,PSN,14.0
'Évora',Viana do Alentejo,MPT,8.0
'Évora',Vila Viçosa,PS,2167.0
'Évora',Vila Viçosa,PPDPSD,1009.0
'Évora',Vila Viçosa,PCPPEV,800.0
'Évora',Vila Viçosa,CDSPP,310.0
'Évora',Vila Viçosa,PCTPMRPP,72.0
'Évora',Vila Viçosa,BE,64.0
'Évora',Vila Viçosa,PPM,22.0
'Évora',Vila Viçosa,MPT,17.0
'Évora',Vila Viçosa,PSN,17.0
'Évora',Évora,PS,13949.0
'Évora',Évora,PPDPSD,5794.0
'Évora',Évora,PCPPEV,5666.0
'Évora',Évora,CDSPP,1811.0
'Évora',Évora,BE,674.0
'Évora',Évora,PCTPMRPP,328.0
'Évora',Évora,MPT,143.0
'Évora',Évora,PPM,97.0
'Évora',Évora,PSN,42.0
